"","orig.ident","nCount_RNA","nFeature_RNA","RNA_snn_res.4","seurat_clusters","celltype","age"
"X1772094_169_G10","X1772094",7874,3630,"13","13","mPeric","E12.5"
"X1772072_247_E09","X1772072",3701,1793,"13","13","mPeric","E18.5"
"X1772094_174_H05","X1772094",2878,1447,"13","13","mPeric","E14.5"
"X1772094_172_F07","X1772094",7346,2895,"13","13","mPeric","E14.5"
"X1771013_117_F06","X1771013",3003,1214,"13","13","mPeric","E14.5"
"X1771013_111_H03","X1771013",3364,1519,"13","13","mPeric","E11.5"
"X1772094_146_G12","X1772094",8376,2801,"0","0","mPeric","E11.5"
"X1772094_166_C10","X1772094",5953,2508,"13","13","mPeric","E12.5"
"X1772094_146_G09","X1772094",10940,3392,"0","0","mPeric","E11.5"
"X1772094_169_H05","X1772094",7380,3085,"13","13","mPeric","E12.5"
"X1772094_169_H08","X1772094",10376,4145,"13","13","mPeric","E12.5"
"X1772072_249_B06","X1772072",3545,1846,"13","13","mPeric","E18.5"
"X1772094_171_C08","X1772094",9141,3702,"6","6","mPeric","E12.5"
"X1772066_085_F11","X1772066",4037,1728,"13","13","mPeric","E15.5"
"X1772075_301_D01","X1772075",7400,3118,"13","13","mPeric","E15.5"
"X1771013_117_B10","X1771013",2822,1212,"13","13","mPeric","E14.5"
"X1772066_085_H04","X1772066",6230,2218,"13","13","mPeric","E15.5"
"X1772066_085_A01","X1772066",2909,1423,"13","13","mPeric","E15.5"
"X1772094_175_G04","X1772094",4761,2085,"13","13","mPeric","E14.5"
"X1772075_300_C04","X1772075",16889,4356,"13","13","mPeric","E15.5"
"X1772075_301_B03","X1772075",14242,4572,"13","13","mPeric","E15.5"
"X1772066_093_G05","X1772066",11225,3469,"13","13","mPeric","E14.5"
"X1772075_300_A11","X1772075",2930,1367,"13","13","mPeric","E15.5"
"X1772075_302_A12","X1772075",7727,2858,"6","6","mPeric","E13.5"
"X1772094_156_E02","X1772094",6402,2114,"13","13","mPeric","E11.5"
"X1772072_247_G12","X1772072",2958,1360,"13","13","mPeric","E18.5"
"X1772072_248_A06","X1772072",2713,1572,"13","13","mPeric","E18.5"
"X1772075_300_D09","X1772075",8024,2329,"6","6","mPeric","E15.5"
"X1772072_246_G11","X1772072",9059,3878,"13","13","mPeric","E18.5"
"X1772072_247_G08","X1772072",5005,2327,"13","13","mPeric","E18.5"
"X1771013_153_A09","X1771013",7444,2488,"13","13","mPeric","E12.5"
"X1772071_049_B04","X1772071",18228,3900,"13","13","mPeric","E12.5"
"X1772094_169_E01","X1772094",11051,4024,"13","13","mPeric","E12.5"
"X1772094_144_B07","X1772094",8974,2777,"13","13","mPeric","E11.5"
"X1772094_171_E09","X1772094",8963,3801,"13","13","mPeric","E12.5"
"X1772094_158_C11","X1772094",6346,2499,"13","13","mPeric","E11.5"
"X1772094_175_G11","X1772094",4757,2161,"13","13","mPeric","E14.5"
"X1772075_303_B10","X1772075",6329,2004,"13","13","mPeric","E13.5"
"X1772066_093_E07","X1772066",5933,2037,"13","13","mPeric","E14.5"
"X1772094_171_G11","X1772094",12043,4061,"13","13","mPeric","E12.5"
"X1771013_118_F09","X1771013",4886,1742,"13","13","mPeric","E11.5"
"X1772094_169_E07","X1772094",12036,4184,"13","13","mPeric","E12.5"
"X1772096_112_A01","X1772096",12891,3560,"13","13","mPeric","E13.5"
"X1772071_050_C03","X1772071",6903,2134,"13","13","mPeric","E12.5"
"X1772094_156_G06","X1772094",5278,1909,"13","13","mPeric","E11.5"
"X1772094_169_A01","X1772094",9482,3686,"13","13","mPeric","E12.5"
"X1771013_153_D02","X1771013",6022,2226,"13","13","mPeric","E12.5"
"X1772092_007_E08","X1772092",6701,2298,"13","13","mPeric","E11.5"
"X1772092_007_F03","X1772092",12141,3338,"13","13","mPeric","E11.5"
"X1771013_153_B03","X1771013",8453,2917,"13","13","mPeric","E12.5"
"X1772094_166_C08","X1772094",16198,4730,"13","13","mPeric","E12.5"
"X1772094_156_B01","X1772094",5824,2443,"13","13","mPeric","E11.5"
"X1772071_049_D05","X1772071",7777,2015,"13","13","mPeric","E12.5"
"X1772096_112_F05","X1772096",15789,3800,"13","13","mPeric","E13.5"
"X1772094_169_C07","X1772094",14172,4494,"0","0","mPeric","E12.5"
"X1772075_303_B01","X1772075",11106,2865,"13","13","mPeric","E13.5"
"X1771013_108_B05","X1771013",4712,2152,"13","13","mPeric","E12.5"
"X1772096_115_A02","X1772096",6868,2842,"13","13","mPeric","E13.5"
"X1772094_163_G12","X1772094",3186,1478,"13","13","mPeric","E12.5"
"X1772092_007_G10","X1772092",8823,2760,"13","13","mPeric","E11.5"
"X1772094_156_D04","X1772094",10882,3000,"13","13","mPeric","E11.5"
"X1772094_144_G03","X1772094",12778,3444,"13","13","mPeric","E11.5"
"X1772092_007_C11","X1772092",6045,2001,"13","13","mPeric","E11.5"
"X1772075_302_D11","X1772075",13660,3158,"13","13","mPeric","E13.5"
"X1772094_169_B12","X1772094",10874,4218,"13","13","mPeric","E12.5"
"X1772092_007_F04","X1772092",14401,3813,"13","13","mPeric","E11.5"
"X1772092_007_C03","X1772092",9198,2991,"13","13","mPeric","E11.5"
"X1772075_303_H02","X1772075",8374,2445,"13","13","mPeric","E13.5"
"X1772092_007_A08","X1772092",7248,2292,"13","13","mPeric","E11.5"
"X1772066_087_E02","X1772066",26008,5875,"6","6","mMgl","E14.5"
"X1772094_174_B10","X1772094",4591,1818,"6","6","mMgl","E14.5"
"X1772066_084_A07","X1772066",12729,3122,"6","6","mMgl","E15.5"
"X1772071_046_C12","X1772071",9270,3196,"6","6","mMgl","E15.5"
"X1772094_146_C08","X1772094",13320,3405,"0","0","mMgl","E11.5"
"X1772072_246_A01","X1772072",7783,3155,"1","1","mMgl","E18.5"
"X1772096_115_A12","X1772096",6481,2327,"6","6","mMgl","E13.5"
"X1772072_246_H07","X1772072",4154,1885,"6","6","mMgl","E18.5"
"X1771013_111_D04","X1771013",3125,1214,"6","6","mMgl","E11.5"
"X1772092_007_D06","X1772092",24279,4926,"0","0","mMgl","E11.5"
"X1772092_006_G06","X1772092",19778,4037,"6","6","mMgl","E11.5"
"X1772066_084_B04","X1772066",9464,2647,"6","6","mMgl","E15.5"
"X1772075_302_F08","X1772075",20910,3562,"6","6","mMgl","E13.5"
"X1772072_247_G07","X1772072",3758,1502,"6","6","mMgl","E18.5"
"X1772071_065_B01","X1772071",8768,2185,"0","0","mNProg","E13.5"
"X1771013_118_H03","X1771013",10337,2994,"0","0","mNProg","E11.5"
"X1772094_144_F02","X1772094",8077,2288,"6","6","mMgl","E11.5"
"X1772094_144_A01","X1772094",9403,2705,"0","0","mMgl","E11.5"
"X1772092_007_C09","X1772092",11266,2760,"6","6","mMgl","E11.5"
"X1772092_006_H03","X1772092",21559,4581,"13","13","mMgl","E11.5"
"X1772094_175_D05","X1772094",9393,3002,"6","6","mMgl","E14.5"
"X1772072_246_G09","X1772072",10030,3828,"13","13","mMgl","E18.5"
"X1772094_158_F03","X1772094",10430,3165,"6","6","mMgl","E11.5"
"X1772071_046_D06","X1772071",6854,2822,"6","6","mMgl","E15.5"
"X1772094_173_B03","X1772094",3913,1706,"6","6","mMgl","E14.5"
"X1772094_158_B01","X1772094",13004,3815,"0","0","mMgl","E11.5"
"X1772072_246_E05","X1772072",7823,3071,"6","6","mMgl","E18.5"
"X1772072_246_C05","X1772072",16048,4742,"6","6","mMgl","E18.5"
"X1772066_084_E02","X1772066",16875,4537,"6","6","mMgl","E15.5"
"X1772094_144_A06","X1772094",7818,2641,"0","0","mNProg","E11.5"
"X1771013_110_B02","X1771013",3964,1907,"0","0","mNProg","E11.5"
"X1772094_171_A01","X1772094",6584,3004,"0","0","mNProg","E12.5"
"X1772094_156_B08","X1772094",7665,2545,"0","0","mNProg","E11.5"
"X1772094_146_C04","X1772094",7037,2172,"0","0","mNProg","E11.5"
"X1771013_013_H11","X1771013",16380,2715,"0","0","mNProg","E11.5"
"X1772094_166_E07","X1772094",7642,2648,"0","0","mNProg","E12.5"
"X1772094_161_C05","X1772094",5730,2127,"0","0","mNProg","E11.5"
"X1772096_114_C09","X1772096",11642,3584,"0","0","mNProg","E13.5"
"X1772094_171_D04","X1772094",9653,3800,"0","0","mNProg","E12.5"
"X1772094_158_B11","X1772094",5285,2427,"0","0","mNProg","E11.5"
"X1772094_144_H07","X1772094",9214,2985,"0","0","mNProg","E11.5"
"X1772094_144_H05","X1772094",11408,3273,"0","0","mNProg","E11.5"
"X1772094_144_F05","X1772094",8318,2505,"0","0","mNProg","E11.5"
"X1772094_161_E03","X1772094",5937,2088,"0","0","mNProg","E11.5"
"X1771013_153_A08","X1771013",3803,1649,"4","4","mNProg","E12.5"
"X1772094_171_H10","X1772094",6727,2844,"4","4","mNProg","E12.5"
"X1772094_146_D07","X1772094",12118,3335,"0","0","mNProg","E11.5"
"X1772094_144_E03","X1772094",9301,2914,"0","0","mNProg","E11.5"
"X1772096_111_H02","X1772096",8813,3025,"0","0","mNProg","E13.5"
"X1772092_006_D06","X1772092",10360,2864,"0","0","mNProg","E11.5"
"X1772094_144_B02","X1772094",7429,2474,"0","0","mNProg","E11.5"
"X1771013_113_B03","X1771013",5221,1991,"0","0","mNProg","E11.5"
"X1772094_169_G11","X1772094",7732,3339,"0","0","mNProg","E12.5"
"X1771013_013_C12","X1771013",6238,1492,"8","8","mNProg","E11.5"
"X1772072_247_B02","X1772072",3290,1584,"4","4","mNProg","E18.5"
"X1772094_146_F09","X1772094",7424,2308,"0","0","mNProg","E11.5"
"X1772094_146_A04","X1772094",12715,3417,"0","0","mNProg","E11.5"
"X1772094_146_A06","X1772094",8844,2751,"0","0","mNProg","E11.5"
"X1772092_007_B02","X1772092",23574,5635,"0","0","mNProg","E11.5"
"X1772094_163_C10","X1772094",7805,2467,"0","0","mNProg","E12.5"
"X1771013_153_F09","X1771013",6108,2511,"4","4","mNProg","E12.5"
"X1772092_007_A02","X1772092",13647,3581,"0","0","mNProg","E11.5"
"X1772092_006_H04","X1772092",15177,3722,"4","4","mNProg","E11.5"
"X1772092_007_D07","X1772092",11866,3453,"0","0","mNProg","E11.5"
"X1772094_169_C12","X1772094",13659,4325,"0","0","mNProg","E12.5"
"X1772096_114_E03","X1772096",5946,2335,"0","0","mNProg","E13.5"
"X1772094_173_B02","X1772094",6017,2831,"4","4","mNProg","E14.5"
"X1772094_169_B04","X1772094",10305,3939,"0","0","mNProg","E12.5"
"X1772094_166_F07","X1772094",20171,4558,"0","0","mNProg","E12.5"
"X1771013_108_E01","X1771013",3050,1586,"4","4","mNProg","E12.5"
"X1771013_108_E10","X1771013",3193,1638,"0","0","mNProg","E12.5"
"X1772094_144_B04","X1772094",14958,3975,"0","0","mNProg","E11.5"
"X1772094_171_C03","X1772094",11219,3852,"0","0","mNProg","E12.5"
"X1772094_146_E05","X1772094",6818,2240,"0","0","mNProg","E11.5"
"X1772094_172_H11","X1772094",4614,1880,"0","0","mNProg","E14.5"
"X1771013_013_G04","X1771013",5010,1455,"0","0","mNProg","E11.5"
"X1772094_172_C03","X1772094",5247,2182,"0","0","mNProg","E14.5"
"X1772094_166_A12","X1772094",6517,2661,"0","0","mNProg","E12.5"
"X1772096_115_E10","X1772096",7159,2561,"0","0","mNProg","E13.5"
"X1772094_166_B10","X1772094",6856,2184,"4","4","mNProg","E12.5"
"X1772094_146_E02","X1772094",10610,3581,"0","0","mNProg","E11.5"
"X1772094_171_H04","X1772094",11252,3891,"0","0","mNProg","E12.5"
"X1772094_156_B12","X1772094",7615,2589,"0","0","mNProg","E11.5"
"X1772094_158_A01","X1772094",3492,1775,"0","0","mNProg","E11.5"
"X1772094_144_F04","X1772094",7304,2295,"0","0","mNProg","E11.5"
"X1772094_158_E07","X1772094",8964,3244,"0","0","mNProg","E11.5"
"X1772094_171_B06","X1772094",9894,3843,"0","0","mNProg","E12.5"
"X1771013_153_B08","X1771013",3900,1747,"0","0","mNProg","E12.5"
"X1772094_158_B03","X1772094",2917,1411,"4","4","mNProg","E11.5"
"X1771013_013_H10","X1771013",6438,1874,"0","0","mNProg","E11.5"
"X1771013_118_A12","X1771013",3349,1188,"0","0","mNProg","E11.5"
"X1772094_175_D07","X1772094",7784,3011,"3","3","mNProg","E14.5"
"X1772094_144_D11","X1772094",9330,2937,"0","0","mNProg","E11.5"
"X1771013_110_D06","X1771013",3806,1579,"4","4","mNProg","E11.5"
"X1772094_166_B05","X1772094",2828,1591,"0","0","mNProg","E12.5"
"X1772096_114_E01","X1772096",9037,2751,"0","0","mNProg","E13.5"
"X1771013_108_E06","X1771013",2524,1282,"0","0","mNProg","E12.5"
"X1771013_118_A04","X1771013",5556,1736,"0","0","mNProg","E11.5"
"X1772094_146_D04","X1772094",6627,2181,"0","0","mNProg","E11.5"
"X1772094_146_G11","X1772094",7689,2479,"8","8","mNProg","E11.5"
"X1772096_115_E03","X1772096",7938,2758,"0","0","mNProg","E13.5"
"X1772094_144_B10","X1772094",4420,1782,"0","0","mNProg","E11.5"
"X1772094_161_D08","X1772094",3688,1442,"0","0","mNProg","E11.5"
"X1772071_065_C05","X1772071",9618,2313,"0","0","mNProg","E13.5"
"X1771013_013_B10","X1771013",7123,1887,"0","0","mNProg","E11.5"
"X1771013_108_E03","X1771013",6384,2586,"0","0","mNProg","E12.5"
"X1772094_158_D05","X1772094",4119,1655,"0","0","mNProg","E11.5"
"X1771013_111_F03","X1771013",6404,2551,"0","0","mNProg","E11.5"
"X1771013_113_G05","X1771013",4301,1726,"0","0","mNProg","E11.5"
"X1772066_085_D11","X1772066",9243,3566,"0","0","mNProg","E15.5"
"X1772071_046_D01","X1772071",9573,3215,"0","0","mNProg","E15.5"
"X1771013_118_E09","X1771013",7254,2440,"0","0","mNProg","E11.5"
"X1771013_013_E05","X1771013",6569,1809,"0","0","mNProg","E11.5"
"X1772094_146_G08","X1772094",7800,2779,"0","0","mNProg","E11.5"
"X1772094_146_H12","X1772094",5525,2521,"0","0","mNProg","E11.5"
"X1771013_111_D07","X1771013",5662,2275,"0","0","mNProg","E11.5"
"X1772094_144_D10","X1772094",7669,2544,"0","0","mNProg","E11.5"
"X1772094_146_D12","X1772094",5422,2007,"0","0","mNProg","E11.5"
"X1772096_112_C11","X1772096",9448,3315,"0","0","mNProg","E13.5"
"X1771013_108_C09","X1771013",7807,3268,"0","0","mNProg","E12.5"
"X1772094_166_E09","X1772094",10143,3146,"4","4","mNProg","E12.5"
"X1772092_007_F06","X1772092",7848,2401,"0","0","mNProg","E11.5"
"X1772094_171_B09","X1772094",10064,3888,"0","0","mNProg","E12.5"
"X1772094_146_A05","X1772094",8538,2772,"0","0","mNProg","E11.5"
"X1772094_163_A07","X1772094",7628,2353,"8","8","mNProg","E12.5"
"X1772094_146_C12","X1772094",7938,2917,"0","0","mNProg","E11.5"
"X1772096_111_F10","X1772096",6231,2949,"0","0","mNProg","E13.5"
"X1771013_111_G05","X1771013",9412,3716,"0","0","mNProg","E11.5"
"X1772094_169_D10","X1772094",10083,3671,"0","0","mNProg","E12.5"
"X1772094_146_A02","X1772094",8225,3243,"8","8","mNProg","E11.5"
"X1772094_144_C03","X1772094",9773,3217,"0","0","mNProg","E11.5"
"X1772092_006_C09","X1772092",12534,2856,"6","6","mNProg","E11.5"
"X1772092_006_B05","X1772092",8190,3040,"0","0","mNProg","E11.5"
"X1772092_007_A12","X1772092",15149,4124,"0","0","mNProg","E11.5"
"X1772092_007_D11","X1772092",7076,2518,"0","0","mNProg","E11.5"
"X1772094_144_C11","X1772094",10180,3028,"0","0","mNProg","E11.5"
"X1772094_146_H06","X1772094",9099,2953,"0","0","mNProg","E11.5"
"X1771013_113_F10","X1771013",9633,3654,"0","0","mNProg","E11.5"
"X1772094_144_H01","X1772094",9473,3033,"0","0","mNProg","E11.5"
"X1771013_153_A10","X1771013",6807,2661,"0","0","mNProg","E12.5"
"X1772094_144_B08","X1772094",7798,2518,"0","0","mNProg","E11.5"
"X1772096_112_F04","X1772096",13033,3376,"0","0","mNProg","E13.5"
"X1772094_144_D12","X1772094",6562,2132,"0","0","mNProg","E11.5"
"X1772094_144_B01","X1772094",8909,2912,"0","0","mNProg","E11.5"
"X1772094_166_E06","X1772094",15424,3916,"0","0","mNProg","E12.5"
"X1772094_146_G10","X1772094",12541,3449,"0","0","mNProg","E11.5"
"X1772096_114_C10","X1772096",11932,3778,"4","4","mNProg","E13.5"
"X1772094_144_A02","X1772094",10590,3028,"8","8","mNProg","E11.5"
"X1772094_144_E06","X1772094",8719,2742,"0","0","mNProg","E11.5"
"X1772094_166_G10","X1772094",9627,2948,"8","8","mNProg","E12.5"
"X1772094_146_D06","X1772094",11921,3418,"0","0","mNProg","E11.5"
"X1772096_112_E01","X1772096",20263,4428,"0","0","mNProg","E13.5"
"X1772096_112_F12","X1772096",11739,3328,"0","0","mNProg","E13.5"
"X1772094_146_B07","X1772094",17290,4315,"0","0","mNProg","E11.5"
"X1772094_146_F02","X1772094",16829,4560,"0","0","mNProg","E11.5"
"X1772094_166_D06","X1772094",11674,3274,"4","4","mNProg","E12.5"
"X1771013_118_F02","X1771013",15115,3726,"0","0","mNProg","E11.5"
"X1772094_146_D03","X1772094",6443,2408,"0","0","mNProg","E11.5"
"X1772092_006_G02","X1772092",10374,2874,"0","0","mNProg","E11.5"
"X1772092_007_H11","X1772092",11926,3548,"0","0","mNProg","E11.5"
"X1772094_161_D02","X1772094",9010,2670,"0","0","mNProg","E11.5"
"X1772094_144_H10","X1772094",15977,3936,"0","0","mNProg","E11.5"
"X1772094_144_D08","X1772094",8997,2906,"0","0","mNProg","E11.5"
"X1772094_146_D01","X1772094",10811,3205,"0","0","mNProg","E11.5"
"X1772094_146_C06","X1772094",6539,2267,"0","0","mNProg","E11.5"
"X1772094_146_D09","X1772094",12472,3721,"0","0","mNProg","E11.5"
"X1772092_007_E01","X1772092",8313,2850,"0","0","mNProg","E11.5"
"X1772094_146_H11","X1772094",8608,2826,"0","0","mNProg","E11.5"
"X1772094_146_D02","X1772094",8740,2657,"8","8","mNProg","E11.5"
"X1772094_146_C07","X1772094",12608,3394,"0","0","mNProg","E11.5"
"X1772094_144_G06","X1772094",9127,2906,"0","0","mNProg","E11.5"
"X1772094_166_C12","X1772094",10632,3302,"0","0","mNProg","E12.5"
"X1772094_146_B02","X1772094",13149,3709,"0","0","mNProg","E11.5"
"X1771013_118_F11","X1771013",14666,3308,"0","0","mNProg","E11.5"
"X1772094_146_F06","X1772094",8963,2783,"0","0","mNProg","E11.5"
"X1772094_146_B12","X1772094",9531,2843,"0","0","mNProg","E11.5"
"X1772071_048_D04","X1772071",4954,1962,"4","4","mEpen","E15.5"
"X1772075_300_E03","X1772075",7446,2730,"4","4","mEpen","E15.5"
"X1772072_248_G08","X1772072",8430,3492,"4","4","mEpen","E18.5"
"X1772072_246_C12","X1772072",5603,2762,"4","4","mEpen","E18.5"
"X1772072_246_A10","X1772072",10147,3806,"4","4","mEpen","E18.5"
"X1772072_248_D01","X1772072",10542,3801,"4","4","mEpen","E18.5"
"X1772072_246_D12","X1772072",13000,4359,"4","4","mEpen","E18.5"
"X1772072_246_A09","X1772072",12289,4361,"4","4","mEpen","E18.5"
"X1772072_249_G09","X1772072",3640,1979,"4","4","mEpen","E18.5"
"X1772072_246_C04","X1772072",15090,4964,"4","4","mEpen","E18.5"
"X1772094_173_H05","X1772094",8067,3236,"4","4","mEpen","E14.5"
"X1772094_173_H03","X1772094",7999,3314,"4","4","mEpen","E14.5"
"X1772072_246_F02","X1772072",10758,4238,"4","4","mRgl3","E18.5"
"X1772071_046_F06","X1772071",10944,3466,"4","4","mRgl3","E15.5"
"X1772066_085_G12","X1772066",9112,2765,"4","4","mRgl3","E15.5"
"X1772066_084_D08","X1772066",14458,4274,"4","4","mRgl3","E15.5"
"X1772066_084_H09","X1772066",7698,3075,"4","4","mRgl3","E15.5"
"X1772066_084_A01","X1772066",7597,2950,"4","4","mRgl3","E15.5"
"X1772066_084_H07","X1772066",15982,4728,"4","4","mRgl3","E15.5"
"X1772094_174_D07","X1772094",7499,3054,"4","4","mRgl3","E14.5"
"X1772071_048_F05","X1772071",5516,2196,"4","4","mRgl3","E15.5"
"X1772072_246_B07","X1772072",10762,3772,"4","4","mRgl3","E18.5"
"X1772096_114_C11","X1772096",11427,3615,"4","4","mRgl3","E13.5"
"X1772066_093_F08","X1772066",4290,1828,"4","4","mRgl3","E14.5"
"X1772094_172_E06","X1772094",7164,2721,"4","4","mRgl3","E14.5"
"X1772071_046_G08","X1772071",5041,2336,"4","4","mRgl3","E15.5"
"X1772066_087_B04","X1772066",8505,3108,"4","4","mRgl3","E14.5"
"X1772066_085_D08","X1772066",6808,3065,"4","4","mRgl3","E15.5"
"X1772066_085_D12","X1772066",8925,2682,"4","4","mRgl3","E15.5"
"X1771013_108_F10","X1771013",7413,3004,"4","4","mRgl3","E12.5"
"X1772066_084_C10","X1772066",4830,2038,"4","4","mRgl3","E15.5"
"X1772072_248_B06","X1772072",4683,2409,"4","4","mRgl3","E18.5"
"X1772094_172_D06","X1772094",11059,3635,"4","4","mRgl3","E14.5"
"X1772066_093_F12","X1772066",5412,2403,"4","4","mRgl3","E14.5"
"X1772072_246_F06","X1772072",20985,5949,"4","4","mRgl3","E18.5"
"X1772092_006_A01","X1772092",14440,4299,"0","0","mRgl1","E11.5"
"X1772094_175_A03","X1772094",3532,1824,"4","4","mRgl1","E14.5"
"X1772094_172_F01","X1772094",5300,2468,"4","4","mRgl1","E14.5"
"X1772092_007_D12","X1772092",16152,4369,"0","0","mRgl1","E11.5"
"X1772094_161_C07","X1772094",10829,3298,"0","0","mRgl1","E11.5"
"X1772094_159_D09","X1772094",8922,2917,"0","0","mRgl1","E11.5"
"X1772094_144_D04","X1772094",13842,3577,"0","0","mRgl1","E11.5"
"X1772094_146_D11","X1772094",11771,3172,"0","0","mRgl1","E11.5"
"X1772092_007_A11","X1772092",14692,3460,"0","0","mRgl1","E11.5"
"X1771013_110_F03","X1771013",5187,2051,"0","0","mRgl1","E11.5"
"X1772094_146_A09","X1772094",7838,2557,"0","0","mRgl1","E11.5"
"X1772071_050_F12","X1772071",7121,2719,"0","0","mRgl1","E12.5"
"X1772094_144_A07","X1772094",12224,3487,"0","0","mRgl1","E11.5"
"X1772094_144_H04","X1772094",8309,2839,"0","0","mRgl1","E11.5"
"X1772092_007_A05","X1772092",7560,2563,"0","0","mRgl1","E11.5"
"X1772071_049_G06","X1772071",15403,3481,"0","0","mRgl1","E12.5"
"X1772096_115_C10","X1772096",5503,1968,"0","0","mRgl1","E13.5"
"X1772094_156_C03","X1772094",4087,1619,"4","4","mRgl1","E11.5"
"X1771013_113_F07","X1771013",9131,3270,"0","0","mRgl1","E11.5"
"X1772094_169_H02","X1772094",8800,4003,"4","4","mRgl1","E12.5"
"X1772092_006_E01","X1772092",11008,3028,"0","0","mRgl1","E11.5"
"X1772094_169_G05","X1772094",11710,4063,"0","0","mRgl1","E12.5"
"X1772092_007_E04","X1772092",13058,3765,"0","0","mRgl1","E11.5"
"X1771013_110_A02","X1771013",4818,2167,"4","4","mRgl1","E11.5"
"X1772092_007_B10","X1772092",7136,2493,"0","0","mRgl1","E11.5"
"X1772066_091_F01","X1772066",3356,1430,"4","4","mRgl1","E14.5"
"X1771013_113_A02","X1771013",6759,2481,"0","0","mRgl1","E11.5"
"X1771013_153_F06","X1771013",6354,2625,"0","0","mRgl1","E12.5"
"X1771013_153_A11","X1771013",3883,1717,"0","0","mRgl1","E12.5"
"X1772094_169_E05","X1772094",8599,3464,"4","4","mRgl1","E12.5"
"X1772094_146_G02","X1772094",15465,4308,"0","0","mRgl1","E11.5"
"X1771013_118_H04","X1771013",8522,2362,"0","0","mRgl1","E11.5"
"X1772094_166_D03","X1772094",11867,3469,"4","4","mRgl1","E12.5"
"X1771013_153_A12","X1771013",6318,2434,"4","4","mRgl1","E12.5"
"X1772071_050_B05","X1772071",6894,2257,"4","4","mRgl1","E12.5"
"X1772071_049_G08","X1772071",9246,2934,"0","0","mRgl1","E12.5"
"X1771013_013_C02","X1771013",9515,2253,"4","4","mRgl1","E11.5"
"X1772071_050_H04","X1772071",6114,2211,"4","4","mRgl1","E12.5"
"X1772066_085_H08","X1772066",10154,3741,"0","0","mRgl1","E15.5"
"X1772096_111_C03","X1772096",6546,2680,"4","4","mRgl1","E13.5"
"X1772072_248_A02","X1772072",3886,1855,"4","4","mRgl1","E18.5"
"X1772071_048_H01","X1772071",11262,3742,"4","4","mRgl1","E15.5"
"X1772066_085_B12","X1772066",5162,1987,"4","4","mRgl1","E15.5"
"X1772071_049_A09","X1772071",10368,3319,"4","4","mRgl1","E12.5"
"X1772071_050_D04","X1772071",13294,3490,"0","0","mRgl1","E12.5"
"X1772094_172_B05","X1772094",2398,1560,"4","4","mRgl1","E14.5"
"X1772094_174_F04","X1772094",5934,2255,"4","4","mRgl1","E14.5"
"X1772094_161_C02","X1772094",8583,2782,"0","0","mRgl1","E11.5"
"X1772071_049_H08","X1772071",6950,2198,"4","4","mRgl1","E12.5"
"X1772092_007_B01","X1772092",18583,4496,"0","0","mRgl1","E11.5"
"X1771013_117_D04","X1771013",9221,2697,"0","0","mRgl1","E14.5"
"X1772071_049_A02","X1772071",21821,4457,"0","0","mRgl1","E12.5"
"X1772094_169_D07","X1772094",13549,4145,"12","12","mRgl1","E12.5"
"X1772071_065_E07","X1772071",12799,2989,"0","0","mRgl1","E13.5"
"X1772094_171_A05","X1772094",7235,3259,"0","0","mRgl1","E12.5"
"X1772096_114_G07","X1772096",11058,3523,"0","0","mRgl1","E13.5"
"X1772094_166_E11","X1772094",15542,3865,"0","0","mRgl1","E12.5"
"X1772094_173_H12","X1772094",6987,2868,"0","0","mRgl1","E14.5"
"X1772094_172_C12","X1772094",6109,2650,"4","4","mRgl1","E14.5"
"X1772066_093_F11","X1772066",8409,3435,"4","4","mRgl1","E14.5"
"X1772075_301_H02","X1772075",11353,4350,"4","4","mRgl1","E15.5"
"X1772096_114_B02","X1772096",7605,2740,"4","4","mRgl1","E13.5"
"X1772094_173_D02","X1772094",10618,3704,"4","4","mRgl2","E14.5"
"X1772066_084_D09","X1772066",14923,4412,"4","4","mRgl2","E15.5"
"X1772066_087_G03","X1772066",24512,5573,"0","0","mRgl2","E14.5"
"X1772066_085_B07","X1772066",10142,3399,"6","6","mRgl2","E15.5"
"X1772094_174_C07","X1772094",11059,3598,"4","4","mRgl2","E14.5"
"X1772066_085_C03","X1772066",10047,3152,"0","0","mRgl2","E15.5"
"X1772066_085_H12","X1772066",15035,3911,"4","4","mRgl2","E15.5"
"X1772066_085_F04","X1772066",6963,2600,"4","4","mRgl2","E15.5"
"X1772075_300_B03","X1772075",19470,4597,"4","4","mRgl2","E15.5"
"X1772066_085_D02","X1772066",15679,4091,"4","4","mRgl2","E15.5"
"X1772066_084_A12","X1772066",19857,5072,"4","4","mRgl2","E15.5"
"X1772066_084_C12","X1772066",10994,3747,"4","4","mRgl2","E15.5"
"X1772075_300_B01","X1772075",8953,2744,"4","4","mRgl2","E15.5"
"X1772066_091_H08","X1772066",11871,3629,"0","0","mRgl2","E14.5"
"X1772071_048_B03","X1772071",13955,4240,"0","0","mRgl2","E15.5"
"X1772094_175_B07","X1772094",11003,3702,"0","0","mRgl2","E14.5"
"X1772071_046_H06","X1772071",17629,4426,"0","0","mRgl2","E15.5"
"X1772094_173_A12","X1772094",10682,3620,"0","0","mRgl2","E14.5"
"X1772066_084_B03","X1772066",14418,4128,"4","4","mRgl2","E15.5"
"X1772066_085_F10","X1772066",3657,1580,"4","4","mRgl2","E15.5"
"X1772094_173_G08","X1772094",10885,3754,"0","0","mRgl2","E14.5"
"X1772094_172_G10","X1772094",8794,2890,"4","4","mRgl2","E14.5"
"X1772094_173_A04","X1772094",5541,2321,"4","4","mRgl2","E14.5"
"X1772094_172_H01","X1772094",7851,3172,"0","0","mRgl2","E14.5"
"X1772066_087_G11","X1772066",7267,2637,"4","4","mRgl2","E14.5"
"X1772066_084_G06","X1772066",12782,3528,"4","4","mRgl2","E15.5"
"X1772094_175_F09","X1772094",9143,2978,"0","0","mRgl2","E14.5"
"X1772094_173_B08","X1772094",8237,2891,"0","0","mRgl2","E14.5"
"X1772094_175_E08","X1772094",6584,2407,"4","4","mRgl2","E14.5"
"X1772096_111_C12","X1772096",6953,2626,"4","4","mRgl2","E13.5"
"X1772066_085_C11","X1772066",9258,3210,"4","4","mRgl2","E15.5"
"X1772094_173_G10","X1772094",7067,2730,"4","4","mRgl2","E14.5"
"X1772096_115_G02","X1772096",8221,3198,"4","4","mRgl2","E13.5"
"X1772096_114_H09","X1772096",8683,3258,"4","4","mRgl2","E13.5"
"X1772096_112_E08","X1772096",7336,2634,"4","4","mRgl2","E13.5"
"X1772096_112_D06","X1772096",15850,4020,"4","4","mRgl2","E13.5"
"X1772071_065_H05","X1772071",12966,2963,"4","4","mRgl2","E13.5"
"X1772075_303_E12","X1772075",7971,2274,"4","4","mRgl2","E13.5"
"X1772066_085_H11","X1772066",13146,3856,"4","4","mRgl2","E15.5"
"X1772066_085_E04","X1772066",4304,1914,"4","4","mRgl2","E15.5"
"X1772066_085_D03","X1772066",8218,2809,"4","4","mRgl2","E15.5"
"X1772066_084_H11","X1772066",8507,3165,"4","4","mRgl2","E15.5"
"X1772066_084_C11","X1772066",7464,2943,"4","4","mRgl2","E15.5"
"X1772096_114_B11","X1772096",11915,3682,"4","4","mRgl2","E13.5"
"X1772066_084_A10","X1772066",6100,2760,"4","4","mRgl2","E15.5"
"X1772094_173_A11","X1772094",6739,2896,"4","4","mRgl2","E14.5"
"X1772066_084_C09","X1772066",4830,2262,"4","4","mRgl2","E15.5"
"X1772071_046_B02","X1772071",9941,3666,"4","4","mRgl2","E15.5"
"X1772096_115_E07","X1772096",9582,3121,"4","4","mRgl2","E13.5"
"X1772094_173_C12","X1772094",5631,2390,"0","0","mRgl2","E14.5"
"X1772094_174_F02","X1772094",4827,2086,"4","4","mRgl2","E14.5"
"X1772096_112_B04","X1772096",16993,4568,"4","4","mRgl2","E13.5"
"X1772094_172_D03","X1772094",4603,1888,"4","4","mRgl2","E14.5"
"X1772071_046_H04","X1772071",7656,3277,"4","4","mRgl2","E15.5"
"X1772071_046_F08","X1772071",6345,2584,"4","4","mRgl2","E15.5"
"X1772071_046_B12","X1772071",14900,4348,"4","4","mRgl2","E15.5"
"X1772094_175_G06","X1772094",6642,2443,"4","4","mRgl2","E14.5"
"X1772066_084_F08","X1772066",13381,4315,"4","4","mRgl2","E15.5"
"X1772066_085_A04","X1772066",7623,3276,"4","4","mRgl2","E15.5"
"X1772094_172_C04","X1772094",5371,2233,"4","4","mRgl2","E14.5"
"X1772072_249_B02","X1772072",7063,3234,"4","4","mRgl2","E18.5"
"X1772072_246_A06","X1772072",5182,2241,"4","4","mRgl2","E18.5"
"X1772075_301_C10","X1772075",6933,2552,"4","4","mRgl2","E15.5"
"X1772072_249_G02","X1772072",5023,2389,"4","4","mRgl2","E18.5"
"X1772094_173_E12","X1772094",9990,3683,"4","4","mRgl2","E14.5"
"X1772075_300_H10","X1772075",8559,2768,"4","4","mRgl2","E15.5"
"X1772072_248_C10","X1772072",4517,2405,"4","4","mRgl2","E18.5"
"X1772071_046_B01","X1772071",10319,3648,"4","4","mRgl2","E15.5"
"X1772071_049_C07","X1772071",20091,3685,"0","0","mRgl2","E12.5"
"X1772096_114_H02","X1772096",10654,3737,"4","4","mRgl2","E13.5"
"X1772071_065_B05","X1772071",8488,2141,"4","4","mRgl2","E13.5"
"X1772096_114_E07","X1772096",10637,3197,"4","4","mRgl2","E13.5"
"X1772071_065_F02","X1772071",2809,929,"4","4","mRgl2","E13.5"
"X1772075_302_B12","X1772075",10021,2563,"4","4","mRgl2","E13.5"
"X1772066_085_A12","X1772066",8805,3089,"4","4","mRgl2","E15.5"
"X1772072_246_H05","X1772072",7389,3233,"4","4","mRgl2","E18.5"
"X1772071_049_A04","X1772071",9893,2529,"4","4","mRgl2","E12.5"
"X1772075_302_F05","X1772075",9942,2503,"4","4","mRgl2","E13.5"
"X1772094_172_D09","X1772094",7905,2946,"4","4","mRgl2","E14.5"
"X1772096_111_D02","X1772096",10685,3819,"4","4","mRgl2","E13.5"
"X1772094_174_B05","X1772094",6485,2878,"4","4","mRgl2","E14.5"
"X1772092_007_H06","X1772092",13874,3796,"2","2","mNbML","E11.5"
"X1772071_065_A01","X1772071",10068,2512,"2","2","mNbML","E13.5"
"X1772092_006_C04","X1772092",20553,4473,"2","2","mNbML","E11.5"
"X1772071_049_E08","X1772071",11685,3052,"2","2","mNbML","E12.5"
"X1772092_006_A03","X1772092",18161,4138,"2","2","mNbML","E11.5"
"X1772092_006_E04","X1772092",12881,3743,"2","2","mNbML","E11.5"
"X1772094_159_G01","X1772094",13196,4153,"2","2","mNbML","E11.5"
"X1772094_158_D04","X1772094",8455,2951,"2","2","mNbML","E11.5"
"X1772092_007_E09","X1772092",15481,4047,"2","2","mNbML","E11.5"
"X1772092_007_H07","X1772092",17432,3834,"2","2","mNbML","E11.5"
"X1772071_050_G07","X1772071",15940,4157,"2","2","mNbML","E12.5"
"X1772094_146_B08","X1772094",11480,3278,"8","8","mNbML","E11.5"
"X1772071_050_G08","X1772071",9776,3243,"2","2","mNbML","E12.5"
"X1772094_171_A07","X1772094",17568,4707,"2","2","mNbML","E12.5"
"X1772094_144_E12","X1772094",11508,3472,"2","2","mNbML","E11.5"
"X1772096_114_F01","X1772096",16533,4291,"2","2","mNbML","E13.5"
"X1772092_006_H12","X1772092",9231,2712,"2","2","mNbML","E11.5"
"X1772071_049_G11","X1772071",11339,2980,"2","2","mNbML","E12.5"
"X1772092_006_D01","X1772092",10531,2948,"2","2","mNbML","E11.5"
"X1772066_091_C12","X1772066",10754,2964,"2","2","mNbML","E14.5"
"X1772096_114_B05","X1772096",6856,2496,"2","2","mNbML","E13.5"
"X1772075_303_G02","X1772075",11788,2846,"2","2","mNbML","E13.5"
"X1772096_112_H11","X1772096",10066,3064,"2","2","mNbML","E13.5"
"X1772094_161_F02","X1772094",7107,2812,"2","2","mNbML","E11.5"
"X1772071_049_G09","X1772071",14504,3891,"2","2","mNbML","E12.5"
"X1772096_112_D08","X1772096",12157,3226,"2","2","mNbML","E13.5"
"X1772094_166_B09","X1772094",7932,2875,"2","2","mNbML","E12.5"
"X1772094_166_C06","X1772094",17953,4471,"2","2","mNbML","E12.5"
"X1772096_112_A08","X1772096",7524,2296,"2","2","mNbML","E13.5"
"X1772096_112_E05","X1772096",5954,2007,"2","2","mNbML","E13.5"
"X1772096_112_B07","X1772096",8105,2530,"10","10","mNbML","E13.5"
"X1772094_169_C08","X1772094",9540,3371,"2","2","mNbML","E12.5"
"X1772094_163_B06","X1772094",11660,3618,"2","2","mNbML","E12.5"
"X1772071_050_G03","X1772071",9399,3076,"2","2","mNbML","E12.5"
"X1772071_050_A01","X1772071",6681,1957,"5","5","mNbML","E12.5"
"X1772075_302_E01","X1772075",13221,3011,"2","2","mNbML","E13.5"
"X1772071_049_F12","X1772071",9652,2362,"2","2","mNbML","E12.5"
"X1772096_114_F07","X1772096",13321,3874,"2","2","mNbML","E13.5"
"X1772092_007_G06","X1772092",11070,3246,"2","2","mNbML","E11.5"
"X1772096_115_F11","X1772096",7245,2507,"2","2","mNbML","E13.5"
"X1772094_158_A09","X1772094",6642,2814,"2","2","mNbML","E11.5"
"X1771013_153_G05","X1771013",9719,3507,"2","2","mNbML","E12.5"
"X1772096_115_E06","X1772096",14424,3739,"2","2","mNbML","E13.5"
"X1772096_115_H12","X1772096",9121,3057,"2","2","mNbML","E13.5"
"X1772096_114_A09","X1772096",14019,3883,"11","11","mNbML","E13.5"
"X1772075_303_D08","X1772075",8893,2541,"2","2","mNbML","E13.5"
"X1772075_302_C10","X1772075",12425,2949,"2","2","mNbML","E13.5"
"X1772096_114_D09","X1772096",15634,4243,"2","2","mNbML","E13.5"
"X1772094_166_H06","X1772094",12232,3210,"2","2","mNbML","E12.5"
"X1772075_302_C04","X1772075",15801,3294,"2","2","mNbML","E13.5"
"X1772075_302_A03","X1772075",17087,3557,"2","2","mNbML","E13.5"
"X1772096_112_B11","X1772096",14117,3501,"2","2","mNbML","E13.5"
"X1772071_049_D08","X1772071",17824,3939,"2","2","mNbML","E12.5"
"X1772071_065_F09","X1772071",12156,3220,"2","2","mNbML","E13.5"
"X1772096_112_C06","X1772096",10899,2791,"2","2","mNbML","E13.5"
"X1772075_302_E11","X1772075",22569,4275,"2","2","mNbL","E13.5"
"X1772071_065_A05","X1772071",8124,2058,"11","11","mNbL","E13.5"
"X1772094_166_G03","X1772094",17193,4569,"2","2","mNbL","E12.5"
"X1772094_166_B11","X1772094",13039,3758,"2","2","mNbL","E12.5"
"X1772094_171_E10","X1772094",10254,3532,"2","2","mNbL","E12.5"
"X1772094_171_B10","X1772094",9470,3516,"9","9","mNbL","E12.5"
"X1772094_159_G02","X1772094",7247,2671,"9","9","mNbL","E11.5"
"X1772094_171_H03","X1772094",11978,4339,"9","9","mNbL","E12.5"
"X1772094_158_B10","X1772094",6194,2513,"2","2","mNbL","E11.5"
"X1772071_065_E12","X1772071",9609,2367,"11","11","mNbL","E13.5"
"X1772092_007_E10","X1772092",10027,3049,"2","2","mNbL","E11.5"
"X1772094_166_A01","X1772094",8654,3184,"2","2","mNbL","E12.5"
"X1772094_171_C02","X1772094",12492,4466,"2","2","mNbL","E12.5"
"X1772071_050_A10","X1772071",7153,2407,"5","5","mNbL","E12.5"
"X1772094_169_G06","X1772094",10027,3688,"9","9","mNbL","E12.5"
"X1772071_049_E01","X1772071",16458,3638,"2","2","mNbL","E12.5"
"X1772071_049_C11","X1772071",17894,3944,"5","5","mNbL","E12.5"
"X1772094_169_B08","X1772094",11172,4149,"9","9","mNbL","E12.5"
"X1772094_166_H08","X1772094",7654,2781,"9","9","mNbL","E12.5"
"X1772071_065_H01","X1772071",6506,2030,"2","2","mNbL","E13.5"
"X1772094_158_G05","X1772094",7823,2744,"2","2","mNbL","E11.5"
"X1772094_158_C01","X1772094",7259,2695,"2","2","mNbL","E11.5"
"X1772096_114_B01","X1772096",12349,3358,"2","2","mNbL","E13.5"
"X1772094_158_H06","X1772094",11945,3873,"2","2","mNbL","E11.5"
"X1772094_156_C12","X1772094",11561,3141,"2","2","mNbL","E11.5"
"X1772094_166_A10","X1772094",11099,3505,"11","11","mNbL","E12.5"
"X1772094_158_D10","X1772094",5810,2260,"2","2","mNbL","E11.5"
"X1772092_007_H10","X1772092",9436,2927,"2","2","mNbL","E11.5"
"X1772092_007_G12","X1772092",8146,2603,"2","2","mNbL","E11.5"
"X1772071_050_C05","X1772071",7695,2417,"2","2","mNbL","E12.5"
"X1772092_007_C05","X1772092",8953,2938,"2","2","mNbL","E11.5"
"X1772092_007_H03","X1772092",10238,2823,"2","2","mNbL","E11.5"
"X1772094_156_B07","X1772094",13003,3476,"2","2","mNbL","E11.5"
"X1772094_156_D10","X1772094",5448,2056,"2","2","mNbL","E11.5"
"X1772096_115_B02","X1772096",11973,3774,"2","2","mNbL","E13.5"
"X1772096_111_B11","X1772096",10360,3733,"2","2","mNbL","E13.5"
"X1772094_161_C08","X1772094",7725,2527,"2","2","mNbL","E11.5"
"X1772094_161_A09","X1772094",10448,3248,"2","2","mNbL","E11.5"
"X1772094_146_B11","X1772094",11873,3132,"2","2","mNbL","E11.5"
"X1772092_007_E12","X1772092",9073,2910,"2","2","mNbL","E11.5"
"X1772092_007_C02","X1772092",11696,3738,"2","2","mNbL","E11.5"
"X1772092_006_E05","X1772092",11672,3217,"2","2","mNbL","E11.5"
"X1772094_159_H01","X1772094",6921,2472,"9","9","mNbL","E11.5"
"X1772094_171_H11","X1772094",7117,3141,"9","9","mNbL","E12.5"
"X1772094_163_H08","X1772094",6509,2441,"2","2","mNbL","E12.5"
"X1772094_169_D08","X1772094",9668,3747,"9","9","mNbL","E12.5"
"X1772094_169_C06","X1772094",8734,3821,"9","9","mNbL","E12.5"
"X1772094_171_B07","X1772094",12303,4341,"9","9","mNbL","E12.5"
"X1772096_114_E08","X1772096",7993,2925,"2","2","mNbL","E13.5"
"X1772094_166_F12","X1772094",5833,2082,"2","2","mNbL","E12.5"
"X1772094_169_B09","X1772094",6796,3201,"9","9","mNbL","E12.5"
"X1772094_171_D09","X1772094",7222,3270,"9","9","mNbL","E12.5"
"X1772094_171_E06","X1772094",5430,2624,"9","9","mNbL","E12.5"
"X1772094_169_C01","X1772094",8991,3375,"9","9","mNbL","E12.5"
"X1772094_169_F02","X1772094",8064,3359,"9","9","mNbL","E12.5"
"X1772094_171_H06","X1772094",5875,2674,"9","9","mNbL","E12.5"
"X1772094_171_F01","X1772094",7739,3347,"9","9","mNbL","E12.5"
"X1772094_171_G03","X1772094",10990,4180,"9","9","mNbL","E12.5"
"X1772094_159_D08","X1772094",5428,2033,"9","9","mNbL","E11.5"
"X1772094_169_B03","X1772094",5447,2621,"9","9","mNbL","E12.5"
"X1772094_169_F05","X1772094",6816,3140,"9","9","mNbL","E12.5"
"X1772094_169_E04","X1772094",8529,3315,"9","9","mNbL","E12.5"
"X1772094_171_G01","X1772094",7346,3206,"9","9","mNbL","E12.5"
"X1772094_169_A09","X1772094",5968,2843,"9","9","mNbL","E12.5"
"X1772096_115_D12","X1772096",12467,3432,"8","8","mNbL","E13.5"
"X1772094_169_A07","X1772094",6040,2827,"9","9","mNbL","E12.5"
"X1772094_171_F03","X1772094",8731,3402,"9","9","mNbL","E12.5"
"X1772094_171_G09","X1772094",8638,3522,"9","9","mNbL","E12.5"
"X1772094_169_F09","X1772094",11189,4238,"9","9","mNbL","E12.5"
"X1772096_114_C04","X1772096",10242,3259,"9","9","mNbL","E13.5"
"X1772094_169_C02","X1772094",6375,2823,"9","9","mNbL","E12.5"
"X1772094_171_E01","X1772094",7424,3178,"9","9","mNbL","E12.5"
"X1772094_171_F09","X1772094",6336,2915,"9","9","mNbL","E12.5"
"X1772094_171_A06","X1772094",6689,2884,"9","9","mNbL","E12.5"
"X1772094_171_F02","X1772094",7849,3283,"9","9","mNbL","E12.5"
"X1772094_169_C09","X1772094",8004,3448,"9","9","mNbL","E12.5"
"X1772094_159_G03","X1772094",5135,1968,"9","9","mNbL","E11.5"
"X1772094_171_E07","X1772094",8271,3385,"9","9","mNbL","E12.5"
"X1772094_169_C10","X1772094",6245,3009,"9","9","mNbL","E12.5"
"X1772094_171_A12","X1772094",4002,1998,"9","9","mNbL","E12.5"
"X1772094_171_E05","X1772094",11082,4031,"9","9","mNbL","E12.5"
"X1772066_091_D09","X1772066",8154,3057,"1","1","mNbL","E14.5"
"X1772094_169_E12","X1772094",6180,2859,"9","9","mNbL","E12.5"
"X1772094_159_C03","X1772094",4227,1740,"9","9","mNbL","E11.5"
"X1772094_169_C04","X1772094",5469,2631,"9","9","mNbL","E12.5"
"X1772094_169_E02","X1772094",6954,2944,"9","9","mNbL","E12.5"
"X1772094_166_E08","X1772094",7281,2902,"9","9","mNbL","E12.5"
"X1772094_169_F03","X1772094",7771,3418,"9","9","mNbL","E12.5"
"X1772094_166_F08","X1772094",10237,3643,"9","9","mNbL","E12.5"
"X1772094_169_C03","X1772094",9801,3755,"2","2","mNbL","E12.5"
"X1771013_153_E06","X1771013",4351,1987,"2","2","mNbML","E12.5"
"X1772094_173_A10","X1772094",8016,2935,"2","2","mNbML","E14.5"
"X1772094_144_A12","X1772094",6149,2524,"2","2","mNbML","E11.5"
"X1772094_146_F10","X1772094",7347,2522,"8","8","mNbML","E11.5"
"X1772092_007_E03","X1772092",6680,2377,"2","2","mNbML","E11.5"
"X1772096_114_H06","X1772096",7024,2457,"2","2","mNbML","E13.5"
"X1771013_153_C05","X1771013",4504,2045,"2","2","mNbML","E12.5"
"X1771013_108_A05","X1771013",3703,1589,"2","2","mNbML","E12.5"
"X1772094_144_F09","X1772094",8680,2796,"2","2","mNbML","E11.5"
"X1772096_112_H06","X1772096",6780,2298,"2","2","mNbML","E13.5"
"X1771013_118_F03","X1771013",7797,2410,"8","8","mNbML","E11.5"
"X1772092_006_B09","X1772092",9929,2930,"2","2","mNbML","E11.5"
"X1772075_303_A11","X1772075",8145,2288,"2","2","mNbML","E13.5"
"X1771013_118_B09","X1771013",7317,2499,"2","2","mNbML","E11.5"
"X1772094_146_H02","X1772094",6595,2614,"2","2","mNbML","E11.5"
"X1772094_156_A08","X1772094",6055,2396,"2","2","mNbML","E11.5"
"X1771013_153_C09","X1771013",5813,2409,"2","2","mNbML","E12.5"
"X1772094_146_A08","X1772094",7322,2526,"2","2","mNbML","E11.5"
"X1771013_118_C03","X1771013",6433,1906,"2","2","mNbML","E11.5"
"X1772092_006_C10","X1772092",7207,2257,"2","2","mNbML","E11.5"
"X1772071_065_A09","X1772071",14776,2959,"2","2","mNbML","E13.5"
"X1772092_007_H12","X1772092",11851,3011,"2","2","mNbML","E11.5"
"X1772094_156_F06","X1772094",6027,2202,"2","2","mNbML","E11.5"
"X1771013_111_G09","X1771013",6500,2777,"2","2","mNbML","E11.5"
"X1772092_007_G11","X1772092",8287,2654,"2","2","mNbML","E11.5"
"X1772094_166_D11","X1772094",2958,1381,"2","2","mNbML","E12.5"
"X1772071_050_E05","X1772071",5250,1815,"2","2","mNbML","E12.5"
"X1772071_050_A12","X1772071",5462,2150,"2","2","mNbML","E12.5"
"X1772094_156_F05","X1772094",5534,2114,"2","2","mNbML","E11.5"
"X1771013_118_F07","X1771013",5151,1660,"2","2","mNbML","E11.5"
"X1772094_146_B10","X1772094",9792,2716,"8","8","mNbML","E11.5"
"X1772094_146_A10","X1772094",7047,2451,"5","5","mNbML","E11.5"
"X1771013_118_C02","X1771013",5397,1527,"2","2","mNbML","E11.5"
"X1772094_156_A12","X1772094",5268,2269,"2","2","mNbML","E11.5"
"X1772094_144_D09","X1772094",6980,2310,"2","2","mNbML","E11.5"
"X1772096_112_E09","X1772096",6881,2153,"2","2","mNbML","E13.5"
"X1772094_169_F04","X1772094",6686,2726,"9","9","mNbML","E12.5"
"X1772096_115_A09","X1772096",7125,2384,"2","2","mNbML","E13.5"
"X1772071_065_F05","X1772071",12463,2481,"2","2","mNbML","E13.5"
"X1772094_171_D05","X1772094",8755,3423,"9","9","mNbML","E12.5"
"X1772096_115_C11","X1772096",8300,2481,"2","2","mNbML","E13.5"
"X1772096_114_D10","X1772096",5356,1887,"2","2","mNbML","E13.5"
"X1772094_166_C02","X1772094",6351,2326,"2","2","mNbML","E12.5"
"X1772096_115_G05","X1772096",6880,2324,"2","2","mNbML","E13.5"
"X1772096_112_D12","X1772096",8490,2805,"2","2","mNbML","E13.5"
"X1771013_108_G07","X1771013",5233,2412,"2","2","mNbML","E12.5"
"X1772071_049_D11","X1772071",13880,2955,"2","2","mNbML","E12.5"
"X1772092_006_D04","X1772092",10391,2865,"2","2","mNbML","E11.5"
"X1772094_158_H11","X1772094",5055,2120,"2","2","mNbML","E11.5"
"X1772094_163_H07","X1772094",7265,2406,"2","2","mNbML","E12.5"
"X1772096_112_H12","X1772096",14742,3869,"2","2","mNbML","E13.5"
"X1772071_049_B02","X1772071",14160,3175,"2","2","mNbML","E12.5"
"X1772096_111_D09","X1772096",6278,2470,"2","2","mNbML","E13.5"
"X1772071_065_F12","X1772071",7732,1943,"2","2","mNbML","E13.5"
"X1772096_111_A11","X1772096",6341,2842,"2","2","mNbML","E13.5"
"X1772071_049_B05","X1772071",8387,2451,"5","5","mNbML","E12.5"
"X1772096_115_D10","X1772096",4656,1920,"3","3","mNbML","E13.5"
"X1771013_013_D06","X1771013",5057,1591,"5","5","mNbML","E11.5"
"X1772094_161_B02","X1772094",7390,2708,"5","5","mNbML","E11.5"
"X1772092_007_D02","X1772092",7481,2533,"5","5","mNbML","E11.5"
"X1772071_050_D05","X1772071",10602,3093,"5","5","mNbML","E12.5"
"X1772096_114_F11","X1772096",5620,2066,"5","5","mNbML","E13.5"
"X1772094_156_B04","X1772094",5200,2071,"5","5","mNbML","E11.5"
"X1772094_156_C04","X1772094",6233,2252,"5","5","mNbML","E11.5"
"X1772094_163_E12","X1772094",3406,1208,"5","5","mNbML","E12.5"
"X1772071_065_E05","X1772071",6089,1745,"3","3","mNbML","E13.5"
"X1772071_049_G02","X1772071",6517,2131,"5","5","mNbML","E12.5"
"X1772094_172_A10","X1772094",5661,2400,"3","3","mNbML","E14.5"
"X1772066_085_E12","X1772066",4958,1746,"5","5","mNbML","E15.5"
"X1772066_091_D05","X1772066",4595,1985,"5","5","mNbML","E14.5"
"X1772096_112_E06","X1772096",7089,2160,"3","3","mNbML","E13.5"
"X1772096_114_E06","X1772096",9533,2913,"11","11","mNbML","E13.5"
"X1772071_048_E01","X1772071",5427,2154,"3","3","mNbML","E15.5"
"X1772094_156_A11","X1772094",5660,2157,"3","3","mNbML","E11.5"
"X1772075_300_B02","X1772075",5175,2008,"3","3","mNbML","E15.5"
"X1772066_093_D12","X1772066",4252,1531,"3","3","mNbML","E14.5"
"X1772094_166_C01","X1772094",3179,1605,"9","9","mNbML","E12.5"
"X1772094_174_G03","X1772094",2703,1483,"9","9","mNbML","E14.5"
"X1772071_065_F07","X1772071",7826,2027,"11","11","mNbML","E13.5"
"X1772094_171_A08","X1772094",4417,2324,"9","9","mNbML","E12.5"
"X1772066_093_H10","X1772066",4085,2081,"3","3","mNbML","E14.5"
"X1772096_112_D03","X1772096",7251,2502,"3","3","mNbML","E13.5"
"X1772094_144_B03","X1772094",6502,2219,"5","5","mNbML","E11.5"
"X1772071_050_H02","X1772071",5262,1853,"5","5","mNbML","E12.5"
"X1772094_163_D02","X1772094",5532,2215,"5","5","mNbML","E12.5"
"X1772071_049_D09","X1772071",13074,2954,"5","5","mNbML","E12.5"
"X1772066_091_F06","X1772066",7114,2174,"3","3","mNbML","E14.5"
"X1772094_171_D11","X1772094",4202,2219,"9","9","mNbML","E12.5"
"X1772094_174_C06","X1772094",4728,2232,"10","10","mNbML","E14.5"
"X1772066_093_H08","X1772066",4283,1933,"3","3","mNbML","E14.5"
"X1772072_247_E08","X1772072",2823,1299,"14","14","mNbML","E18.5"
"X1772066_085_E01","X1772066",3432,1624,"3","3","mNbML","E15.5"
"X1772066_091_E01","X1772066",4605,1952,"14","14","mNbML","E14.5"
"X1771013_118_C12","X1771013",23931,1585,"5","5","mNbML","E11.5"
"X1772072_249_G01","X1772072",7325,3171,"4","4","mNbML","E18.5"
"X1772075_303_D10","X1772075",5990,1934,"5","5","mNbML","E13.5"
"X1772094_169_F10","X1772094",4815,2390,"9","9","mNbML","E12.5"
"X1772092_006_A09","X1772092",6482,2234,"5","5","mNbML","E11.5"
"X1771013_118_H01","X1771013",8829,2464,"5","5","mNbML","E11.5"
"X1772071_049_C08","X1772071",7131,2418,"5","5","mNbML","E12.5"
"X1772075_302_E05","X1772075",9246,2298,"5","5","mNbML","E13.5"
"X1772066_085_H03","X1772066",4283,1730,"3","3","mNbML","E15.5"
"X1772071_046_A12","X1772071",6061,2396,"10","10","mNbML","E15.5"
"X1772066_085_E08","X1772066",3686,1652,"10","10","mNbML","E15.5"
"X1772075_302_H10","X1772075",7203,1971,"5","5","mNbML","E13.5"
"X1772071_050_E08","X1772071",4395,1732,"5","5","mNbML","E12.5"
"X1772071_050_D08","X1772071",6022,2097,"3","3","mNbML","E12.5"
"X1772094_169_E08","X1772094",9199,3496,"2","2","mNbML","E12.5"
"X1772094_171_A10","X1772094",6069,2809,"9","9","mNbML","E12.5"
"X1772096_115_C08","X1772096",6318,2334,"8","8","mNbML","E13.5"
"X1772066_093_E08","X1772066",4096,1641,"3","3","mNbML","E14.5"
"X1772075_302_B10","X1772075",10970,2766,"11","11","mNbML","E13.5"
"X1772094_161_G05","X1772094",3933,1462,"8","8","mNbM","E11.5"
"X1772094_166_G04","X1772094",15095,3770,"8","8","mNbM","E12.5"
"X1772094_144_H09","X1772094",5065,1826,"8","8","mNbM","E11.5"
"X1771013_013_E12","X1771013",7684,1670,"8","8","mNbM","E11.5"
"X1772096_112_B09","X1772096",5026,1822,"8","8","mNbM","E13.5"
"X1772094_166_G12","X1772094",6990,2188,"8","8","mNbM","E12.5"
"X1772094_171_C01","X1772094",7605,3203,"8","8","mNbM","E12.5"
"X1772092_006_G07","X1772092",6752,2221,"8","8","mNbM","E11.5"
"X1772094_163_F11","X1772094",11365,3975,"8","8","mNbM","E12.5"
"X1772094_163_C04","X1772094",6616,2232,"8","8","mNbM","E12.5"
"X1772094_169_F06","X1772094",8519,3223,"9","9","mNbM","E12.5"
"X1771013_013_G06","X1771013",5931,1391,"5","5","mNbM","E11.5"
"X1772094_163_F06","X1772094",4708,1801,"8","8","mNbM","E12.5"
"X1772096_114_C12","X1772096",5116,1906,"8","8","mNbM","E13.5"
"X1772096_111_H06","X1772096",6581,2413,"8","8","mNbM","E13.5"
"X1772092_006_G04","X1772092",4990,1942,"8","8","mNbM","E11.5"
"X1772071_049_A05","X1772071",6454,2317,"8","8","mNbM","E12.5"
"X1771013_013_H04","X1771013",5294,1448,"5","5","mNbM","E11.5"
"X1771013_113_C08","X1771013",3809,1573,"8","8","mNbM","E11.5"
"X1772094_146_D05","X1772094",5125,1780,"8","8","mNbM","E11.5"
"X1772094_163_G03","X1772094",2922,1157,"8","8","mNbM","E12.5"
"X1771013_013_D02","X1771013",9298,1935,"8","8","mNbM","E11.5"
"X1771013_111_C05","X1771013",4066,1890,"8","8","mNbM","E11.5"
"X1771013_113_G10","X1771013",5846,2386,"8","8","mNbM","E11.5"
"X1772094_163_F04","X1772094",7111,2262,"8","8","mNbM","E12.5"
"X1772094_163_A12","X1772094",6220,2217,"8","8","mNbM","E12.5"
"X1771013_113_C02","X1771013",6233,2564,"8","8","mNbM","E11.5"
"X1772071_049_B10","X1772071",12273,2804,"8","8","mNbM","E12.5"
"X1772094_146_E06","X1772094",8158,2561,"8","8","mNbM","E11.5"
"X1772075_302_G09","X1772075",9945,2758,"8","8","mNbM","E13.5"
"X1772094_144_B06","X1772094",5557,2316,"8","8","mNbM","E11.5"
"X1772094_146_C02","X1772094",4756,1802,"8","8","mNbM","E11.5"
"X1771013_118_C06","X1771013",5052,1519,"5","5","mNbM","E11.5"
"X1772094_163_B07","X1772094",5312,2031,"8","8","mNbM","E12.5"
"X1771013_111_A06","X1771013",3224,1487,"8","8","mNbM","E11.5"
"X1772094_163_F05","X1772094",4266,1628,"5","5","mNbM","E12.5"
"X1772096_115_F10","X1772096",6107,2444,"8","8","mNbM","E13.5"
"X1772094_161_E07","X1772094",5994,1947,"8","8","mNbM","E11.5"
"X1772094_166_F11","X1772094",5437,1932,"7","7","mNbM","E12.5"
"X1771013_118_G07","X1771013",7542,2138,"8","8","mNbM","E11.5"
"X1772094_146_E10","X1772094",3952,1393,"8","8","mNbM","E11.5"
"X1772094_144_F10","X1772094",4430,1654,"8","8","mNbM","E11.5"
"X1772094_146_D10","X1772094",4319,1651,"8","8","mNbM","E11.5"
"X1772096_114_A08","X1772096",5173,1932,"8","8","mNbM","E13.5"
"X1772094_163_E09","X1772094",5755,2014,"8","8","mNbM","E12.5"
"X1772094_166_C03","X1772094",4257,1752,"8","8","mNbM","E12.5"
"X1772071_050_B07","X1772071",5779,2045,"5","5","mNbM","E12.5"
"X1772094_171_D08","X1772094",8419,3434,"9","9","mNbM","E12.5"
"X1772096_115_G04","X1772096",5230,1977,"5","5","mNbM","E13.5"
"X1771013_153_D11","X1771013",2607,1274,"8","8","mNbM","E12.5"
"X1772096_112_A07","X1772096",4808,1669,"8","8","mNbM","E13.5"
"X1772094_144_G04","X1772094",6048,2102,"5","5","mNbM","E11.5"
"X1772094_166_E02","X1772094",6936,2435,"8","8","mNbM","E12.5"
"X1772075_302_D08","X1772075",6862,1974,"8","8","mNbM","E13.5"
"X1772094_169_H12","X1772094",5802,2727,"8","8","mNbM","E12.5"
"X1772094_171_F11","X1772094",6479,2738,"8","8","mNbM","E12.5"
"X1772094_144_H06","X1772094",4323,1772,"8","8","mNbM","E11.5"
"X1771013_110_A03","X1771013",4875,1886,"8","8","mNbM","E11.5"
"X1772075_302_B11","X1772075",15863,3575,"8","8","mNbM","E13.5"
"X1772094_146_A03","X1772094",4193,1770,"8","8","mNbM","E11.5"
"X1771013_108_G12","X1771013",4701,2088,"8","8","mNbM","E12.5"
"X1772094_169_B10","X1772094",6244,2847,"9","9","mNbML","E12.5"
"X1771013_013_C07","X1771013",6538,1416,"5","5","mNbML","E11.5"
"X1771013_153_H11","X1771013",6673,2890,"9","9","mNbML","E12.5"
"X1771013_111_A07","X1771013",7065,2781,"8","8","mNbML","E11.5"
"X1771013_153_B07","X1771013",7170,2621,"8","8","mNbML","E12.5"
"X1771013_013_H03","X1771013",6183,1443,"5","5","mNbML","E11.5"
"X1772094_166_G09","X1772094",2937,1408,"9","9","mNbML","E12.5"
"X1772096_112_A10","X1772096",5737,2039,"11","11","mNbML","E13.5"
"X1772094_163_E01","X1772094",4585,1582,"5","5","mNbML","E12.5"
"X1772092_007_C10","X1772092",6848,2194,"8","8","mNbML","E11.5"
"X1772094_169_F11","X1772094",5294,2484,"9","9","mNbML","E12.5"
"X1771013_118_A08","X1771013",7509,2140,"5","5","mNbML","E11.5"
"X1771013_013_D04","X1771013",5548,1435,"5","5","mNbML","E11.5"
"X1772094_158_F05","X1772094",4971,2034,"5","5","mNbML","E11.5"
"X1772096_111_D12","X1772096",6788,2512,"5","5","mNbML","E13.5"
"X1772094_158_C06","X1772094",5755,2031,"5","5","mNbML","E11.5"
"X1772094_161_E01","X1772094",4209,1556,"5","5","mNbML","E11.5"
"X1772092_006_B01","X1772092",4565,1965,"8","8","mNbML","E11.5"
"X1772094_146_F07","X1772094",5824,2081,"5","5","mNbML","E11.5"
"X1772094_163_G02","X1772094",9139,2798,"5","5","mNbML","E12.5"
"X1771013_013_G10","X1771013",3022,1135,"4","4","mNbML","E11.5"
"X1772071_049_A10","X1772071",4720,2111,"5","5","mNbML","E12.5"
"X1771013_110_E07","X1771013",7427,2901,"11","11","mNbML","E11.5"
"X1771013_013_A06","X1771013",7379,1896,"5","5","mNbML","E11.5"
"X1772094_159_E02","X1772094",5405,2063,"5","5","mNbML","E11.5"
"X1772092_006_E07","X1772092",10070,3269,"8","8","mNbML","E11.5"
"X1772094_169_A04","X1772094",6714,3146,"9","9","mNbML","E12.5"
"X1772094_146_G03","X1772094",5287,1972,"8","8","mNbML","E11.5"
"X1772094_163_D04","X1772094",6593,2211,"5","5","mNbML","E12.5"
"X1772094_169_E11","X1772094",3730,2026,"9","9","mNbML","E12.5"
"X1772094_171_E12","X1772094",7051,3248,"9","9","mNbML","E12.5"
"X1772071_050_F01","X1772071",5875,2228,"5","5","mNbML","E12.5"
"X1772094_158_E12","X1772094",2585,1242,"5","5","mNbML","E11.5"
"X1772094_166_B08","X1772094",6041,2260,"5","5","mNbML","E12.5"
"X1771013_013_C04","X1771013",3647,1179,"5","5","mNbML","E11.5"
"X1771013_013_C05","X1771013",2942,1092,"5","5","mNbML","E11.5"
"X1772094_171_A09","X1772094",8021,3216,"9","9","mNbML","E12.5"
"X1772071_049_C05","X1772071",9653,2532,"5","5","mNbML","E12.5"
"X1772071_049_G12","X1772071",8626,2205,"5","5","mNbML","E12.5"
"X1772094_161_D09","X1772094",5169,1915,"5","5","mNbML","E11.5"
"X1772092_006_E11","X1772092",7927,2677,"5","5","mNbML","E11.5"
"X1772071_049_A12","X1772071",12292,2365,"5","5","mNbML","E12.5"
"X1772094_158_E10","X1772094",5301,2134,"5","5","mNbML","E11.5"
"X1772094_144_H11","X1772094",7694,2522,"5","5","mNbML","E11.5"
"X1772094_158_G06","X1772094",4301,1789,"8","8","mNbML","E11.5"
"X1772094_166_E12","X1772094",5578,1892,"5","5","mNbML","E12.5"
"X1771013_111_E10","X1771013",3472,1644,"5","5","mNbML","E11.5"
"X1772094_159_A09","X1772094",7883,2631,"5","5","mNbML","E11.5"
"X1772071_050_A03","X1772071",4576,1748,"5","5","mNbML","E12.5"
"X1772071_065_C01","X1772071",5339,1881,"5","5","mNbML","E13.5"
"X1771013_110_G01","X1771013",3917,1746,"5","5","mNbML","E11.5"
"X1771013_118_A11","X1771013",3858,1169,"5","5","mNbML","E11.5"
"X1771013_013_B06","X1771013",5356,1388,"14","14","mNbML","E11.5"
"X1771013_118_D04","X1771013",4971,1491,"8","8","mNbML","E11.5"
"X1772094_158_H02","X1772094",6462,2435,"5","5","mNbML","E11.5"
"X1771013_118_E10","X1771013",4798,1526,"8","8","mNbML","E11.5"
"X1772094_146_A01","X1772094",3964,1727,"8","8","mNbML","E11.5"
"X1771013_013_E09","X1771013",5291,1311,"5","5","mNbML","E11.5"
"X1772096_112_E10","X1772096",5235,1636,"5","5","mNbML","E13.5"
"X1771013_013_G01","X1771013",2943,939,"5","5","mNbML","E11.5"
"X1772094_166_F01","X1772094",4695,1816,"5","5","mNbML","E12.5"
"X1772094_163_C02","X1772094",4771,2037,"5","5","mNbML","E12.5"
"X1772066_085_C05","X1772066",5981,2294,"8","8","mNbML","E15.5"
"X1772094_161_C09","X1772094",6127,2275,"5","5","mNbML","E11.5"
"X1771013_013_D03","X1771013",3029,934,"5","5","mNbML","E11.5"
"X1772092_007_D03","X1772092",6811,2402,"8","8","mNbML","E11.5"
"X1772094_161_A04","X1772094",3568,1548,"5","5","mNbML","E11.5"
"X1772094_144_G08","X1772094",3016,1419,"9","9","mNbML","E11.5"
"X1772094_146_G04","X1772094",5717,2048,"5","5","mNbML","E11.5"
"X1771013_013_B11","X1771013",2716,1121,"5","5","mNbML","E11.5"
"X1771013_108_D04","X1771013",3144,1505,"8","8","mNbML","E12.5"
"X1772094_166_A11","X1772094",7872,3168,"5","5","mNbML","E12.5"
"X1771013_110_H10","X1771013",2918,1123,"5","5","mNbML","E11.5"
"X1772094_166_F06","X1772094",9267,2643,"8","8","mNbML","E12.5"
"X1772094_144_D06","X1772094",9332,2808,"8","8","mNbML","E11.5"
"X1771013_013_H08","X1771013",4773,1661,"5","5","mNbML","E11.5"
"X1772092_007_B12","X1772092",5014,1890,"5","5","mNbML","E11.5"
"X1771013_111_B03","X1771013",4224,2011,"8","8","mNbML","E11.5"
"X1771013_013_C03","X1771013",4247,1199,"5","5","mNbML","E11.5"
"X1772096_111_C06","X1772096",6242,2527,"11","11","mNbML","E13.5"
"X1772094_163_G08","X1772094",2981,1274,"5","5","mNbML","E12.5"
"X1772071_065_B08","X1772071",5988,1497,"5","5","mNbML","E13.5"
"X1772096_111_E11","X1772096",5979,2326,"11","11","mNbML","E13.5"
"X1772094_166_A05","X1772094",6156,2129,"5","5","mNbML","E12.5"
"X1771013_013_B12","X1771013",7371,1495,"5","5","mNbML","E11.5"
"X1772071_050_H05","X1772071",8941,3161,"5","5","mNbML","E12.5"
"X1771013_118_B02","X1771013",5894,1853,"5","5","mNbML","E11.5"
"X1772094_166_E05","X1772094",7653,2541,"5","5","mNbML","E12.5"
"X1772094_163_C06","X1772094",6613,2081,"5","5","mNbML","E12.5"
"X1772066_091_A06","X1772066",5263,1960,"3","3","mNbML","E14.5"
"X1772094_169_A10","X1772094",8908,3370,"8","8","mNbML","E12.5"
"X1772094_163_D06","X1772094",4109,1531,"5","5","mNbML","E12.5"
"X1772094_163_H11","X1772094",5564,1953,"5","5","mNbML","E12.5"
"X1772094_163_B01","X1772094",5507,1992,"5","5","mNbML","E12.5"
"X1772092_007_D09","X1772092",12588,3658,"5","5","mNbML","E11.5"
"X1772092_006_D07","X1772092",8331,2428,"5","5","mNbML","E11.5"
"X1772092_006_H11","X1772092",11706,3217,"5","5","mNbML","E11.5"
"X1772092_006_A02","X1772092",11486,3105,"5","5","mNbML","E11.5"
"X1772094_144_A08","X1772094",4355,1615,"5","5","mNbML","E11.5"
"X1772094_144_F07","X1772094",6149,2134,"5","5","mNbML","E11.5"
"X1772071_049_F04","X1772071",10467,2707,"5","5","mNbML","E12.5"
"X1772094_163_F12","X1772094",9136,2518,"5","5","mNbML","E12.5"
"X1772094_159_E01","X1772094",8500,2509,"5","5","mNbML","E11.5"
"X1772071_050_H12","X1772071",5960,2248,"5","5","mNbML","E12.5"
"X1772092_006_E10","X1772092",5066,1847,"5","5","mNbML","E11.5"
"X1772094_144_E05","X1772094",5042,1717,"5","5","mNbML","E11.5"
"X1772071_050_C12","X1772071",4607,1791,"5","5","mNbML","E12.5"
"X1772094_146_E09","X1772094",4632,1731,"5","5","mNbML","E11.5"
"X1772066_087_A01","X1772066",6920,2419,"7","7","mDA1","E14.5"
"X1772072_248_D11","X1772072",8596,3079,"7","7","mDA1","E18.5"
"X1772072_249_D01","X1772072",7400,3049,"7","7","mDA1","E18.5"
"X1772096_112_A11","X1772096",4309,1860,"7","7","mDA1","E13.5"
"X1772071_048_E02","X1772071",8836,3068,"7","7","mDA1","E15.5"
"X1772096_114_C02","X1772096",8008,2678,"7","7","mDA1","E13.5"
"X1772096_112_G04","X1772096",7758,2163,"7","7","mDA1","E13.5"
"X1772094_172_B08","X1772094",4923,1905,"7","7","mDA1","E14.5"
"X1772066_093_C03","X1772066",2702,1263,"7","7","mDA1","E14.5"
"X1772071_065_A11","X1772071",18965,3703,"7","7","mDA1","E13.5"
"X1772094_163_H04","X1772094",11586,3268,"7","7","mDA1","E12.5"
"X1772071_065_D12","X1772071",5713,1614,"7","7","mDA1","E13.5"
"X1772066_091_B04","X1772066",8716,2916,"7","7","mDA1","E14.5"
"X1772071_065_E10","X1772071",7301,2013,"11","11","mDA1","E13.5"
"X1772096_114_E12","X1772096",8617,2646,"14","14","mDA1","E13.5"
"X1772066_093_B12","X1772066",5563,2237,"7","7","mDA1","E14.5"
"X1772094_172_A06","X1772094",6857,2689,"7","7","mDA1","E14.5"
"X1772071_046_G11","X1772071",10058,3278,"7","7","mDA1","E15.5"
"X1772094_173_B04","X1772094",3184,1549,"7","7","mDA1","E14.5"
"X1772071_050_C04","X1772071",7645,2285,"7","7","mDA1","E12.5"
"X1772096_112_C04","X1772096",11311,3143,"7","7","mDA2","E13.5"
"X1772066_093_E03","X1772066",3731,1355,"7","7","mDA2","E14.5"
"X1772094_173_A09","X1772094",9238,3241,"7","7","mDA2","E14.5"
"X1772094_173_G06","X1772094",4474,1998,"7","7","mDA2","E14.5"
"X1772066_091_C03","X1772066",6042,2490,"7","7","mDA2","E14.5"
"X1772071_046_B04","X1772071",10841,3567,"7","7","mDA2","E15.5"
"X1772094_175_A02","X1772094",5179,2334,"7","7","mDA2","E14.5"
"X1772096_111_G12","X1772096",3561,1510,"7","7","mDA2","E13.5"
"X1772066_091_H12","X1772066",4212,1414,"7","7","mDA2","E14.5"
"X1772094_173_C08","X1772094",5097,2202,"14","14","mDA2","E14.5"
"X1772066_084_H06","X1772066",9819,3227,"7","7","mDA2","E15.5"
"X1772071_046_B11","X1772071",3820,1865,"7","7","mDA2","E15.5"
"X1772075_303_C03","X1772075",6930,2154,"7","7","mDA2","E13.5"
"X1772094_173_F12","X1772094",3389,1519,"7","7","mDA2","E14.5"
"X1772094_175_A05","X1772094",7623,2648,"7","7","mDA2","E14.5"
"X1772094_173_H01","X1772094",7516,2872,"7","7","mDA2","E14.5"
"X1772094_172_E01","X1772094",8341,2974,"7","7","mDA2","E14.5"
"X1772066_093_B09","X1772066",8075,2959,"7","7","mDA2","E14.5"
"X1772075_300_G11","X1772075",12884,3633,"7","7","mDA2","E15.5"
"X1772066_084_F04","X1772066",10579,3375,"7","7","mDA2","E15.5"
"X1772071_046_G07","X1772071",13674,4511,"7","7","mDA2","E15.5"
"X1772094_173_G07","X1772094",8072,3068,"7","7","mDA2","E14.5"
"X1772072_248_A03","X1772072",7572,3212,"7","7","mDA2","E18.5"
"X1772075_303_A04","X1772075",11001,2682,"11","11","mDA0","E13.5"
"X1771013_013_E04","X1771013",4280,1391,"7","7","mDA0","E11.5"
"X1772094_163_A10","X1772094",5204,2085,"7","7","mDA0","E12.5"
"X1772094_161_B01","X1772094",2959,1281,"7","7","mDA0","E11.5"
"X1772096_111_A08","X1772096",5672,2732,"7","7","mDA0","E13.5"
"X1772096_111_C07","X1772096",5303,2338,"7","7","mDA0","E13.5"
"X1772094_171_A03","X1772094",6586,2867,"7","7","mDA0","E12.5"
"X1772094_163_F03","X1772094",4374,1814,"7","7","mDA0","E12.5"
"X1772096_114_E05","X1772096",7600,2717,"9","9","mDA0","E13.5"
"X1772096_115_D05","X1772096",7280,2619,"7","7","mDA0","E13.5"
"X1771013_153_D03","X1771013",2751,1299,"7","7","mDA0","E12.5"
"X1772094_161_E11","X1772094",6205,2056,"7","7","mDA0","E11.5"
"X1772096_115_B09","X1772096",4078,1685,"7","7","mDA0","E13.5"
"X1772094_163_H05","X1772094",3888,1480,"7","7","mDA0","E12.5"
"X1771013_013_D08","X1771013",3350,1058,"7","7","mDA0","E11.5"
"X1772094_166_G02","X1772094",5006,2277,"9","9","mDA0","E12.5"
"X1772075_302_C12","X1772075",3523,1131,"7","7","mDA0","E13.5"
"X1772096_111_D01","X1772096",4486,1848,"7","7","mDA0","E13.5"
"X1772071_065_A12","X1772071",4133,1257,"7","7","mDA0","E13.5"
"X1772075_303_D03","X1772075",4612,1617,"11","11","mDA0","E13.5"
"X1772096_111_A09","X1772096",8041,3231,"7","7","mDA0","E13.5"
"X1771013_111_G01","X1771013",5005,2294,"7","7","mDA0","E11.5"
"X1772096_114_H01","X1772096",9125,3049,"7","7","mDA0","E13.5"
"X1772096_111_B07","X1772096",8070,2875,"7","7","mDA0","E13.5"
"X1771013_108_A03","X1771013",4014,1890,"7","7","mDA0","E12.5"
"X1772075_302_H12","X1772075",14940,2959,"7","7","mDA0","E13.5"
"X1772094_166_C05","X1772094",10852,2960,"7","7","mDA0","E12.5"
"X1772071_048_A09","X1772071",8567,2851,"7","7","mDA0","E15.5"
"X1772075_302_C11","X1772075",13676,3046,"7","7","mDA0","E13.5"
"X1772094_175_A07","X1772094",4893,2195,"7","7","mDA0","E14.5"
"X1772096_112_H04","X1772096",7994,2618,"7","7","mDA0","E13.5"
"X1772096_115_H04","X1772096",6978,2524,"7","7","mDA0","E13.5"
"X1772071_049_F02","X1772071",8217,2083,"7","7","mDA0","E12.5"
"X1772096_112_H01","X1772096",5054,2052,"7","7","mDA0","E13.5"
"X1772096_112_D05","X1772096",9565,2989,"7","7","mDA0","E13.5"
"X1771013_108_H02","X1771013",6080,2555,"7","7","mDA0","E12.5"
"X1772071_065_F11","X1772071",5606,1651,"7","7","mDA0","E13.5"
"X1771013_111_A09","X1771013",8759,3270,"7","7","mDA0","E11.5"
"X1772096_111_F11","X1772096",7053,2776,"7","7","mDA0","E13.5"
"X1772094_163_D09","X1772094",7578,2383,"7","7","mDA0","E12.5"
"X1772066_084_E01","X1772066",7108,2750,"7","7","mDA0","E15.5"
"X1772094_166_F04","X1772094",8284,2679,"7","7","mDA0","E12.5"
"X1772075_303_A10","X1772075",6982,2093,"8","8","mNbDA","E13.5"
"X1772096_111_H09","X1772096",9611,3528,"11","11","mNbDA","E13.5"
"X1772096_115_A06","X1772096",10439,3141,"7","7","mNbDA","E13.5"
"X1772096_111_A07","X1772096",5549,2376,"7","7","mNbDA","E13.5"
"X1772094_166_D10","X1772094",6156,2081,"7","7","mNbDA","E12.5"
"X1772094_175_E11","X1772094",5214,2107,"6","6","mNbDA","E14.5"
"X1772096_111_A05","X1772096",6280,2656,"7","7","mNbDA","E13.5"
"X1772096_114_G05","X1772096",2963,1353,"7","7","mNbDA","E13.5"
"X1772096_115_D11","X1772096",5537,2171,"11","11","mNbDA","E13.5"
"X1772096_112_E12","X1772096",7063,2241,"5","5","mNbDA","E13.5"
"X1771013_111_D01","X1771013",2727,1286,"8","8","mNbDA","E11.5"
"X1772066_093_D05","X1772066",7753,2583,"3","3","mNbDA","E14.5"
"X1772096_112_F10","X1772096",5191,1900,"7","7","mNbDA","E13.5"
"X1772096_111_C04","X1772096",6177,2663,"7","7","mNbDA","E13.5"
"X1772071_065_F08","X1772071",5532,1508,"7","7","mNbDA","E13.5"
"X1772071_065_D06","X1772071",7419,1751,"7","7","mNbDA","E13.5"
"X1772096_115_G06","X1772096",5203,1877,"8","8","mNbDA","E13.5"
"X1772094_146_H07","X1772094",5263,1916,"8","8","mNbDA","E11.5"
"X1772075_302_E08","X1772075",8095,2380,"8","8","mNbDA","E13.5"
"X1772071_065_G11","X1772071",7916,2180,"7","7","mNbDA","E13.5"
"X1772096_111_F05","X1772096",7406,2543,"7","7","mNbDA","E13.5"
"X1772096_115_B12","X1772096",9224,2772,"7","7","mNbDA","E13.5"
"X1772071_065_A08","X1772071",6972,1739,"5","5","mNbDA","E13.5"
"X1772094_163_C08","X1772094",2799,1050,"8","8","mNbDA","E12.5"
"X1771013_108_A08","X1771013",2613,1431,"7","7","mNbDA","E12.5"
"X1772094_158_E02","X1772094",5579,2229,"7","7","mNbDA","E11.5"
"X1772094_171_A04","X1772094",6062,2767,"8","8","mNbDA","E12.5"
"X1771013_108_B10","X1771013",2936,1387,"7","7","mNbDA","E12.5"
"X1772096_114_F05","X1772096",3768,1410,"7","7","mNbDA","E13.5"
"X1772071_065_D04","X1772071",4729,1439,"7","7","mNbDA","E13.5"
"X1772096_111_D06","X1772096",6000,2344,"8","8","mNbDA","E13.5"
"X1772071_048_H12","X1772071",7131,2774,"7","7","mNbDA","E15.5"
"X1772096_112_A05","X1772096",4212,1627,"7","7","mNbDA","E13.5"
"X1772094_161_C10","X1772094",4651,1648,"7","7","mNbDA","E11.5"
"X1772096_115_C03","X1772096",5795,2307,"7","7","mNbDA","E13.5"
"X1772094_172_B10","X1772094",3694,1593,"7","7","mNbDA","E14.5"
"X1771013_111_C08","X1771013",3617,1492,"7","7","mNbDA","E11.5"
"X1772094_173_F06","X1772094",3954,1902,"10","10","mNbDA","E14.5"
"X1772096_114_H10","X1772096",6501,2336,"7","7","mNbDA","E13.5"
"X1772094_144_F08","X1772094",6119,2034,"5","5","mNbDA","E11.5"
"X1771013_111_A05","X1771013",4391,1965,"7","7","mNbDA","E11.5"
"X1771013_108_H11","X1771013",3887,1786,"7","7","mNbDA","E12.5"
"X1772071_050_G06","X1772071",7882,2545,"8","8","mNbDA","E12.5"
"X1771013_108_C01","X1771013",5777,2331,"7","7","mNbDA","E12.5"
"X1771013_110_D04","X1771013",3273,1371,"8","8","mNbDA","E11.5"
"X1772096_111_C01","X1772096",3847,1637,"7","7","mNbDA","E13.5"
"X1771013_111_A11","X1771013",4123,1515,"8","8","mNbDA","E11.5"
"X1771013_111_C04","X1771013",2922,1230,"8","8","mNbDA","E11.5"
"X1772096_115_F09","X1772096",7053,2575,"7","7","mNbDA","E13.5"
"X1772096_111_E01","X1772096",9041,3148,"8","8","mNbDA","E13.5"
"X1772071_048_G05","X1772071",5805,2243,"7","7","mNbDA","E15.5"
"X1771013_108_H07","X1771013",5145,2301,"7","7","mNbDA","E12.5"
"X1772094_146_G06","X1772094",8203,2587,"8","8","mNbDA","E11.5"
"X1772071_065_H10","X1772071",11501,3060,"8","8","mNbDA","E13.5"
"X1772092_006_C06","X1772092",6527,2417,"8","8","mNbDA","E11.5"
"X1772075_303_A07","X1772075",6250,1945,"7","7","mNbDA","E13.5"
"X1772096_114_G11","X1772096",7046,2393,"2","2","mNbDA","E13.5"
"X1772096_111_H11","X1772096",6758,2768,"7","7","mNbDA","E13.5"
"X1772096_112_C09","X1772096",5223,1701,"7","7","mNbDA","E13.5"
"X1771013_108_E08","X1771013",4212,1962,"7","7","mNbDA","E12.5"
"X1772094_158_G11","X1772094",2389,1242,"7","7","mNbDA","E11.5"
"X1772071_065_G12","X1772071",6331,1760,"7","7","mNbDA","E13.5"
"X1772096_115_A04","X1772096",9640,3308,"4","4","mNbDA","E13.5"
"X1772096_115_B11","X1772096",6159,2178,"7","7","mNbDA","E13.5"
"X1771013_111_B07","X1771013",7057,2542,"8","8","mNbDA","E11.5"
"X1772075_302_F04","X1772075",7844,2208,"7","7","mNbDA","E13.5"
"X1772075_303_C09","X1772075",9887,2715,"7","7","mNbDA","E13.5"
"X1772094_166_B12","X1772094",5137,1836,"8","8","mNbDA","E12.5"
"X1772071_050_C06","X1772071",7354,2336,"7","7","mNbDA","E12.5"
"X1772094_166_G06","X1772094",19130,4476,"7","7","mNbDA","E12.5"
"X1772094_163_E06","X1772094",6913,2376,"7","7","mNbDA","E12.5"
"X1772071_065_E02","X1772071",9293,2480,"14","14","mSert","E13.5"
"X1772071_065_G06","X1772071",15312,2893,"14","14","mSert","E13.5"
"X1772066_084_G02","X1772066",19940,4655,"14","14","mSert","E15.5"
"X1772066_085_B04","X1772066",19190,4470,"14","14","mSert","E15.5"
"X1772072_249_B10","X1772072",5617,2281,"14","14","mSert","E18.5"
"X1772072_246_A08","X1772072",16229,4547,"14","14","mSert","E18.5"
"X1772066_087_H03","X1772066",17543,4237,"14","14","mSert","E14.5"
"X1772071_046_E03","X1772071",13659,4251,"14","14","mSert","E15.5"
"X1772066_093_C10","X1772066",4725,1933,"14","14","mSert","E14.5"
"X1772066_093_B11","X1772066",10346,3362,"14","14","mSert","E14.5"
"X1772075_301_D02","X1772075",18997,5195,"14","14","mSert","E15.5"
"X1772096_114_D01","X1772096",10284,3214,"14","14","mSert","E13.5"
"X1772072_246_D05","X1772072",14305,4119,"14","14","mSert","E18.5"
"X1772094_173_G12","X1772094",4768,2032,"14","14","mSert","E14.5"
"X1772075_301_G06","X1772075",14477,4224,"1","1","mSert","E15.5"
"X1772075_302_A01","X1772075",10127,2586,"14","14","mSert","E13.5"
"X1772066_093_D06","X1772066",18725,4465,"14","14","mSert","E14.5"
"X1772066_087_G09","X1772066",6580,2744,"14","14","mSert","E14.5"
"X1772066_087_B02","X1772066",16842,4490,"14","14","mSert","E14.5"
"X1772096_112_D10","X1772096",4963,1704,"14","14","mSert","E13.5"
"X1772066_091_D10","X1772066",7224,2515,"14","14","mSert","E14.5"
"X1772096_114_F08","X1772096",8424,2732,"14","14","mSert","E13.5"
"X1772066_084_A02","X1772066",12822,3708,"14","14","mSert","E15.5"
"X1772066_093_H01","X1772066",7750,2692,"14","14","mSert","E14.5"
"X1772066_093_H05","X1772066",8112,2981,"14","14","mSert","E14.5"
"X1772066_087_H01","X1772066",10763,3612,"14","14","mSert","E14.5"
"X1772094_175_F07","X1772094",7313,2828,"14","14","mSert","E14.5"
"X1772066_093_G08","X1772066",6085,2409,"14","14","mSert","E14.5"
"X1772096_111_F01","X1772096",8592,3059,"14","14","mSert","E13.5"
"X1772066_087_H04","X1772066",12687,4071,"14","14","mSert","E14.5"
"X1772071_046_C02","X1772071",21372,5414,"14","14","mSert","E15.5"
"X1772066_093_G07","X1772066",13753,3625,"1","1","mSert","E14.5"
"X1772072_247_F07","X1772072",10052,3285,"14","14","mSert","E18.5"
"X1772071_048_E07","X1772071",20447,4918,"14","14","mSert","E15.5"
"X1772071_046_D05","X1772071",14699,4222,"14","14","mSert","E15.5"
"X1772066_093_B03","X1772066",11206,3734,"14","14","mSert","E14.5"
"X1772066_087_F09","X1772066",9749,3463,"14","14","mSert","E14.5"
"X1772066_093_A03","X1772066",10344,3211,"14","14","mSert","E14.5"
"X1772072_248_H04","X1772072",8692,3236,"14","14","mSert","E18.5"
"X1772094_173_E04","X1772094",10570,3341,"14","14","mSert","E14.5"
"X1772066_085_H07","X1772066",7677,2679,"14","14","mSert","E15.5"
"X1772072_246_B10","X1772072",22022,5609,"14","14","mSert","E18.5"
"X1772066_087_G07","X1772066",17399,4664,"14","14","mSert","E14.5"
"X1772075_301_E12","X1772075",21997,5394,"14","14","mSert","E15.5"
"X1772071_046_G04","X1772071",25216,5931,"14","14","mSert","E15.5"
"X1772075_302_G02","X1772075",17262,3565,"14","14","mSert","E13.5"
"X1772075_303_G01","X1772075",10959,2844,"14","14","mSert","E13.5"
"X1772075_302_F03","X1772075",16831,3688,"14","14","mSert","E13.5"
"X1772066_093_B07","X1772066",8083,3076,"14","14","mSert","E14.5"
"X1772096_114_D05","X1772096",8208,2968,"14","14","mSert","E13.5"
"X1771013_153_A03","X1771013",4545,1791,"14","14","mSert","E12.5"
"X1772071_048_E09","X1772071",14498,4459,"7","7","mSert","E15.5"
"X1772066_093_C04","X1772066",5212,2059,"3","3","mSert","E14.5"
"X1772075_302_E07","X1772075",14358,3341,"14","14","mSert","E13.5"
"X1772071_065_B11","X1772071",24938,4442,"14","14","mSert","E13.5"
"X1772072_249_F02","X1772072",11090,3534,"15","15","mSert","E18.5"
"X1772096_114_B09","X1772096",15963,4318,"14","14","mSert","E13.5"
"X1772071_065_G05","X1772071",19877,3719,"14","14","mSert","E13.5"
"X1772066_093_E04","X1772066",11957,3487,"14","14","mSert","E14.5"
"X1772071_048_H07","X1772071",6609,2593,"14","14","mDA1","E15.5"
"X1772075_301_C07","X1772075",22636,5340,"7","7","mDA1","E15.5"
"X1772071_048_E11","X1772071",8544,3098,"7","7","mDA1","E15.5"
"X1772066_093_C06","X1772066",15063,4153,"14","14","mDA1","E14.5"
"X1772071_048_B12","X1772071",16328,4461,"7","7","mDA1","E15.5"
"X1772094_172_F09","X1772094",9870,3474,"7","7","mDA2","E14.5"
"X1772072_248_B07","X1772072",11915,4183,"7","7","mDA2","E18.5"
"X1772094_173_C03","X1772094",14468,3957,"14","14","mDA2","E14.5"
"X1772094_175_C03","X1772094",9186,3196,"15","15","mGaba","E14.5"
"X1772071_048_C06","X1772071",11255,3639,"15","15","mGaba","E15.5"
"X1772094_166_H12","X1772094",13228,3425,"5","5","mGaba","E12.5"
"X1772066_093_D10","X1772066",7543,2846,"3","3","mGaba","E14.5"
"X1772066_084_B11","X1772066",12247,3754,"10","10","mGaba","E15.5"
"X1772066_093_C05","X1772066",9237,3285,"3","3","mGaba","E14.5"
"X1772066_093_C01","X1772066",6959,2407,"3","3","mGaba","E14.5"
"X1772066_093_F06","X1772066",6906,2489,"3","3","mGaba","E14.5"
"X1772066_084_D06","X1772066",9581,3362,"15","15","mGaba","E15.5"
"X1772094_172_C11","X1772094",7448,2881,"1","1","mGaba","E14.5"
"X1772066_087_F02","X1772066",12984,4093,"15","15","mGaba","E14.5"
"X1772066_087_A12","X1772066",16628,4268,"3","3","mGaba","E14.5"
"X1772066_085_A07","X1772066",9382,2907,"3","3","mGaba","E15.5"
"X1772066_087_C03","X1772066",10495,3719,"15","15","mGaba","E14.5"
"X1772072_249_B08","X1772072",7235,2746,"15","15","mGaba","E18.5"
"X1772066_085_F02","X1772066",6869,2647,"3","3","mGaba","E15.5"
"X1772066_087_D08","X1772066",6500,2669,"3","3","mGaba","E14.5"
"X1772066_087_D09","X1772066",13554,4022,"15","15","mGaba","E14.5"
"X1772066_085_G07","X1772066",9540,3289,"15","15","mGaba","E15.5"
"X1772071_065_B04","X1772071",10224,2367,"3","3","mGaba","E13.5"
"X1772075_302_B01","X1772075",9250,2396,"3","3","mGaba","E13.5"
"X1772071_048_A05","X1772071",7656,2784,"3","3","mGaba","E15.5"
"X1772071_048_F04","X1772071",9446,3315,"3","3","mGaba","E15.5"
"X1772066_087_G06","X1772066",11375,3099,"3","3","mGaba","E14.5"
"X1772094_174_A06","X1772094",6997,2880,"3","3","mGaba","E14.5"
"X1772075_301_G03","X1772075",4990,2105,"10","10","mGaba","E15.5"
"X1772094_174_D10","X1772094",6121,2493,"3","3","mGaba","E14.5"
"X1772075_300_B08","X1772075",5959,2288,"3","3","mGaba","E15.5"
"X1772075_300_B12","X1772075",5015,2018,"3","3","mGaba","E15.5"
"X1772066_084_B10","X1772066",7923,2954,"10","10","mGaba","E15.5"
"X1772072_249_E05","X1772072",4651,2021,"15","15","mGaba","E18.5"
"X1772066_087_E08","X1772066",7606,2878,"3","3","mGaba","E14.5"
"X1772075_301_C03","X1772075",7606,2604,"3","3","mGaba","E15.5"
"X1772075_301_A01","X1772075",10350,3253,"15","15","mGaba","E15.5"
"X1772075_301_G12","X1772075",8360,2886,"15","15","mGaba","E15.5"
"X1772066_093_E12","X1772066",7283,2593,"3","3","mGaba","E14.5"
"X1772071_048_H04","X1772071",10512,3263,"3","3","mGaba","E15.5"
"X1772071_048_B10","X1772071",6036,2526,"3","3","mGaba","E15.5"
"X1772071_048_G04","X1772071",7456,2684,"3","3","mGaba","E15.5"
"X1772066_093_E11","X1772066",5638,2443,"3","3","mGaba","E14.5"
"X1772075_301_G05","X1772075",5542,2333,"15","15","mGaba","E15.5"
"X1772071_046_C05","X1772071",7863,3056,"15","15","mGaba","E15.5"
"X1772066_087_G04","X1772066",8030,3143,"3","3","mGaba","E14.5"
"X1772066_084_B06","X1772066",9634,3212,"3","3","mGaba","E15.5"
"X1772072_246_G12","X1772072",5911,2508,"3","3","mGaba","E18.5"
"X1772075_300_A04","X1772075",5696,2207,"15","15","mGaba","E15.5"
"X1772094_175_B06","X1772094",7780,3117,"15","15","mGaba","E14.5"
"X1772096_114_F04","X1772096",8861,3001,"3","3","mGaba","E13.5"
"X1772072_246_F11","X1772072",7357,2719,"3","3","mGaba","E18.5"
"X1772094_172_D08","X1772094",6622,2315,"3","3","mGaba","E14.5"
"X1772066_084_C05","X1772066",5637,2224,"3","3","mGaba","E15.5"
"X1772071_048_E10","X1772071",6194,2395,"3","3","mGaba","E15.5"
"X1772066_087_H10","X1772066",7337,3040,"3","3","mGaba","E14.5"
"X1772094_173_A03","X1772094",7474,3054,"15","15","mGaba","E14.5"
"X1772066_087_A09","X1772066",10047,3659,"10","10","mGaba","E14.5"
"X1772071_049_A01","X1772071",9695,2575,"3","3","mGaba","E12.5"
"X1772071_049_C09","X1772071",10192,4060,"3","3","mGaba","E12.5"
"X1772071_048_G06","X1772071",11230,3537,"3","3","mGaba","E15.5"
"X1771013_117_C07","X1771013",5129,1826,"3","3","mGaba","E14.5"
"X1772071_048_A03","X1772071",8056,2957,"3","3","mGaba","E15.5"
"X1772066_085_F03","X1772066",5347,2080,"3","3","mGaba","E15.5"
"X1772075_300_D12","X1772075",4915,1899,"3","3","mGaba","E15.5"
"X1772066_085_E03","X1772066",10282,2919,"3","3","mGaba","E15.5"
"X1772094_173_E08","X1772094",6064,2529,"15","15","mGaba","E14.5"
"X1772094_173_B05","X1772094",6866,2712,"10","10","mGaba","E14.5"
"X1772094_175_E12","X1772094",5007,2289,"3","3","mGaba","E14.5"
"X1772072_248_H11","X1772072",5369,2492,"3","3","mGaba","E18.5"
"X1772094_173_A08","X1772094",7414,2677,"10","10","mGaba","E14.5"
"X1772094_175_C04","X1772094",13194,3961,"3","3","mGaba","E14.5"
"X1772071_046_D11","X1772071",13579,3892,"3","3","mGaba","E15.5"
"X1772071_065_G04","X1772071",11982,2756,"3","3","mGaba","E13.5"
"X1772075_301_F04","X1772075",9032,3220,"1","1","mGaba","E15.5"
"X1772094_175_E10","X1772094",5618,2305,"3","3","mGaba","E14.5"
"X1772094_173_B07","X1772094",5734,2477,"3","3","mGaba","E14.5"
"X1772094_175_D09","X1772094",9042,3421,"1","1","mGaba","E14.5"
"X1772071_049_F10","X1772071",10402,2857,"3","3","mGaba","E12.5"
"X1772072_246_B08","X1772072",6418,2574,"15","15","mGaba","E18.5"
"X1772094_174_C10","X1772094",5652,2159,"3","3","mGaba","E14.5"
"X1772075_300_F09","X1772075",5958,2551,"1","1","mGaba","E15.5"
"X1772066_085_A05","X1772066",6262,2182,"3","3","mGaba","E15.5"
"X1772066_084_B01","X1772066",8753,3035,"3","3","mGaba","E15.5"
"X1772066_085_C06","X1772066",7088,2631,"3","3","mGaba","E15.5"
"X1772096_112_C02","X1772096",7788,2780,"15","15","mGaba","E13.5"
"X1772094_175_C05","X1772094",10329,3306,"3","3","mGaba","E14.5"
"X1772066_085_H10","X1772066",12669,3720,"3","3","mGaba","E15.5"
"X1772094_173_B10","X1772094",8899,3237,"10","10","mGaba","E14.5"
"X1772066_084_D03","X1772066",7257,2727,"3","3","mGaba","E15.5"
"X1772096_115_F07","X1772096",9773,3079,"3","3","mGaba","E13.5"
"X1772075_302_E03","X1772075",10560,2613,"3","3","mGaba","E13.5"
"X1772075_302_F10","X1772075",9810,2310,"3","3","mGaba","E13.5"
"X1772071_048_C08","X1772071",7779,2678,"3","3","mGaba","E15.5"
"X1772094_175_B12","X1772094",8218,3031,"10","10","mGaba","E14.5"
"X1772066_091_H06","X1772066",5523,1945,"3","3","mGaba","E14.5"
"X1772094_172_H12","X1772094",5212,2201,"10","10","mGaba","E14.5"
"X1772094_173_C04","X1772094",13426,3970,"3","3","mGaba","E14.5"
"X1772072_246_C02","X1772072",9076,3295,"15","15","mGaba","E18.5"
"X1772075_301_B08","X1772075",10451,3516,"15","15","mGaba","E15.5"
"X1772071_048_F10","X1772071",6069,2619,"7","7","mGaba","E15.5"
"X1772094_175_E04","X1772094",10417,3360,"15","15","mGaba","E14.5"
"X1772071_046_E09","X1772071",5252,2465,"15","15","mGaba","E15.5"
"X1772066_087_E07","X1772066",14087,3889,"3","3","mGaba","E14.5"
"X1772075_302_H03","X1772075",17272,3717,"12","12","mOMTN","E13.5"
"X1772071_050_F02","X1772071",19726,5137,"12","12","mOMTN","E12.5"
"X1772071_050_E02","X1772071",18168,4608,"12","12","mOMTN","E12.5"
"X1772096_112_C08","X1772096",8871,2507,"12","12","mOMTN","E13.5"
"X1772071_065_C02","X1772071",14642,3207,"12","12","mOMTN","E13.5"
"X1772075_302_E02","X1772075",20004,3871,"12","12","mOMTN","E13.5"
"X1772075_301_E07","X1772075",24150,5518,"12","12","mOMTN","E15.5"
"X1772075_301_E03","X1772075",19889,5282,"12","12","mOMTN","E15.5"
"X1772075_300_F08","X1772075",20619,4853,"12","12","mOMTN","E15.5"
"X1772072_246_B03","X1772072",19426,5295,"12","12","mOMTN","E18.5"
"X1772075_300_B06","X1772075",21490,4793,"12","12","mOMTN","E15.5"
"X1772071_046_C07","X1772071",18133,4393,"12","12","mOMTN","E15.5"
"X1772075_302_E10","X1772075",11217,2781,"12","12","mOMTN","E13.5"
"X1772094_169_B02","X1772094",12045,4308,"12","12","mOMTN","E12.5"
"X1772066_093_G01","X1772066",8756,2996,"12","12","mOMTN","E14.5"
"X1772096_115_B03","X1772096",18395,4446,"12","12","mOMTN","E13.5"
"X1772096_112_E11","X1772096",14109,4284,"12","12","mOMTN","E13.5"
"X1772096_115_C09","X1772096",12163,3333,"12","12","mOMTN","E13.5"
"X1772092_006_A06","X1772092",15319,4243,"12","12","mOMTN","E11.5"
"X1772092_006_B03","X1772092",22213,4737,"12","12","mOMTN","E11.5"
"X1772092_007_B11","X1772092",15600,4300,"12","12","mOMTN","E11.5"
"X1772094_163_D01","X1772094",10479,2951,"12","12","mOMTN","E12.5"
"X1772094_161_C01","X1772094",6158,2306,"12","12","mOMTN","E11.5"
"X1772096_111_G04","X1772096",14594,4238,"12","12","mOMTN","E13.5"
"X1772071_049_H01","X1772071",25733,4761,"2","2","mOMTN","E12.5"
"X1772096_115_A01","X1772096",13535,3978,"12","12","mOMTN","E13.5"
"X1772071_050_C07","X1772071",9511,3169,"12","12","mOMTN","E12.5"
"X1772094_163_A02","X1772094",17244,4350,"2","2","mOMTN","E12.5"
"X1772071_050_E01","X1772071",6918,2247,"12","12","mOMTN","E12.5"
"X1772094_174_D05","X1772094",5944,2468,"12","12","mOMTN","E14.5"
"X1772071_048_E03","X1772071",14398,4238,"1","1","mOMTN","E15.5"
"X1772066_093_G09","X1772066",10630,3851,"12","12","mOMTN","E14.5"
"X1772094_175_D08","X1772094",11326,3881,"1","1","mOMTN","E14.5"
"X1772071_048_B06","X1772071",14374,4153,"10","10","mOMTN","E15.5"
"X1772094_173_A01","X1772094",15313,4334,"1","1","mOMTN","E14.5"
"X1772096_111_A06","X1772096",9484,3409,"11","11","mOMTN","E13.5"
"X1772066_084_D07","X1772066",12371,3926,"1","1","mOMTN","E15.5"
"X1772066_087_B11","X1772066",8068,3066,"12","12","mOMTN","E14.5"
"X1772075_301_A03","X1772075",22024,5769,"12","12","mOMTN","E15.5"
"X1772094_174_C02","X1772094",9200,3148,"12","12","mOMTN","E14.5"
"X1772094_161_F04","X1772094",8852,2656,"12","12","mOMTN","E11.5"
"X1772094_158_F10","X1772094",7623,2801,"12","12","mOMTN","E11.5"
"X1772094_158_F12","X1772094",8176,2750,"12","12","mOMTN","E11.5"
"X1772094_158_A02","X1772094",8670,3049,"12","12","mOMTN","E11.5"
"X1772094_161_B09","X1772094",7546,2845,"12","12","mOMTN","E11.5"
"X1772092_006_H06","X1772092",12788,3050,"12","12","mOMTN","E11.5"
"X1772092_006_B07","X1772092",13138,3209,"12","12","mOMTN","E11.5"
"X1772094_156_E04","X1772094",13237,3579,"12","12","mOMTN","E11.5"
"X1772071_065_H07","X1772071",18138,3221,"12","12","mOMTN","E13.5"
"X1772092_007_B06","X1772092",17579,4340,"12","12","mOMTN","E11.5"
"X1772092_006_D03","X1772092",11150,2955,"12","12","mOMTN","E11.5"
"X1772092_006_G09","X1772092",17429,4134,"12","12","mOMTN","E11.5"
"X1772094_156_D01","X1772094",10208,3180,"12","12","mOMTN","E11.5"
"X1772071_050_D12","X1772071",9265,2744,"12","12","mOMTN","E12.5"
"X1771013_111_C09","X1771013",10152,3499,"12","12","mOMTN","E11.5"
"X1772071_050_G02","X1772071",12779,3809,"12","12","mOMTN","E12.5"
"X1772094_163_B02","X1772094",11555,3124,"12","12","mOMTN","E12.5"
"X1772075_302_E06","X1772075",23056,4792,"12","12","mOMTN","E13.5"
"X1772096_115_E05","X1772096",9230,2978,"12","12","mOMTN","E13.5"
"X1772096_114_F02","X1772096",10351,3119,"12","12","mOMTN","E13.5"
"X1772094_166_D01","X1772094",12215,3143,"12","12","mOMTN","E12.5"
"X1772096_112_C03","X1772096",13219,3672,"12","12","mOMTN","E13.5"
"X1772092_007_E07","X1772092",14054,3543,"12","12","mOMTN","E11.5"
"X1772094_163_C07","X1772094",15194,4076,"12","12","mOMTN","E12.5"
"X1772092_007_A07","X1772092",15313,3986,"12","12","mOMTN","E11.5"
"X1772096_112_E07","X1772096",14090,3491,"12","12","mOMTN","E13.5"
"X1772071_065_C08","X1772071",21541,3931,"11","11","mRN","E13.5"
"X1772071_065_B06","X1772071",19291,3229,"11","11","mRN","E13.5"
"X1772075_303_A08","X1772075",13925,3268,"11","11","mRN","E13.5"
"X1772071_049_G04","X1772071",17870,4097,"11","11","mRN","E12.5"
"X1772071_065_H09","X1772071",16961,3476,"11","11","mRN","E13.5"
"X1772075_302_E12","X1772075",15585,3023,"10","10","mRN","E13.5"
"X1772096_114_A12","X1772096",12562,3858,"2","2","mRN","E13.5"
"X1772075_300_A03","X1772075",16150,4061,"10","10","mRN","E15.5"
"X1772075_302_B07","X1772075",19953,3629,"11","11","mRN","E13.5"
"X1772075_302_H08","X1772075",14441,3346,"3","3","mRN","E13.5"
"X1772075_303_E07","X1772075",21890,4178,"12","12","mRN","E13.5"
"X1772071_065_F06","X1772071",23402,4135,"7","7","mRN","E13.5"
"X1772094_166_G05","X1772094",13491,3457,"5","5","mRN","E12.5"
"X1772096_112_E04","X1772096",11998,3315,"5","5","mRN","E13.5"
"X1772096_114_G02","X1772096",13315,3536,"11","11","mRN","E13.5"
"X1772092_007_E02","X1772092",11346,3392,"3","3","mRN","E11.5"
"X1772096_114_A06","X1772096",10253,3559,"11","11","mRN","E13.5"
"X1772096_115_A11","X1772096",17669,4261,"12","12","mRN","E13.5"
"X1772096_114_G06","X1772096",8517,2795,"11","11","mRN","E13.5"
"X1772096_115_H06","X1772096",8717,2635,"11","11","mRN","E13.5"
"X1772071_065_B12","X1772071",10195,2405,"11","11","mRN","E13.5"
"X1772075_302_D12","X1772075",13499,2828,"11","11","mRN","E13.5"
"X1772075_303_C12","X1772075",12177,2960,"11","11","mRN","E13.5"
"X1772075_303_H07","X1772075",14759,3254,"11","11","mRN","E13.5"
"X1771013_153_H09","X1771013",8227,2970,"11","11","mRN","E12.5"
"X1772066_093_E05","X1772066",6394,2199,"11","11","mRN","E14.5"
"X1771013_108_F05","X1771013",9282,3520,"11","11","mRN","E12.5"
"X1772094_173_D07","X1772094",13466,3739,"10","10","mRN","E14.5"
"X1771013_153_E09","X1771013",7310,2767,"5","5","mRN","E12.5"
"X1772066_093_G11","X1772066",11619,4161,"1","1","mRN","E14.5"
"X1772066_087_B09","X1772066",14639,4298,"10","10","mRN","E14.5"
"X1772096_112_H02","X1772096",9260,2885,"11","11","mRN","E13.5"
"X1772096_115_F12","X1772096",10293,2990,"11","11","mRN","E13.5"
"X1772096_115_E11","X1772096",9270,3614,"11","11","mRN","E13.5"
"X1772075_301_F08","X1772075",11232,3668,"15","15","mRN","E15.5"
"X1772096_115_G12","X1772096",10386,3195,"11","11","mRN","E13.5"
"X1772094_169_A12","X1772094",9292,3579,"12","12","mRN","E12.5"
"X1772096_115_E04","X1772096",14148,3712,"2","2","mRN","E13.5"
"X1772075_302_E04","X1772075",18280,3865,"10","10","mRN","E13.5"
"X1772075_301_C12","X1772075",14268,4407,"1","1","mGaba","E15.5"
"X1772071_046_G12","X1772071",17074,4795,"1","1","mGaba","E15.5"
"X1772075_301_F10","X1772075",13534,4232,"1","1","mGaba","E15.5"
"X1772075_301_C05","X1772075",10853,3840,"1","1","mGaba","E15.5"
"X1772075_301_F06","X1772075",12598,4145,"1","1","mGaba","E15.5"
"X1772075_301_D10","X1772075",13260,4122,"1","1","mGaba","E15.5"
"X1772075_301_E02","X1772075",11360,3741,"1","1","mGaba","E15.5"
"X1772075_301_C02","X1772075",11294,3609,"1","1","mGaba","E15.5"
"X1772075_301_H04","X1772075",11624,3436,"10","10","mGaba","E15.5"
"X1772075_301_A12","X1772075",9268,3298,"1","1","mGaba","E15.5"
"X1772066_087_D01","X1772066",14417,4285,"1","1","mGaba","E14.5"
"X1772075_301_F12","X1772075",19208,4610,"1","1","mGaba","E15.5"
"X1772075_301_A11","X1772075",18762,4900,"1","1","mGaba","E15.5"
"X1772072_246_F08","X1772072",19040,4928,"1","1","mGaba","E18.5"
"X1772075_301_B07","X1772075",12391,4145,"1","1","mGaba","E15.5"
"X1772075_301_A02","X1772075",12645,4196,"1","1","mGaba","E15.5"
"X1772066_087_B05","X1772066",10648,3657,"15","15","mGaba","E14.5"
"X1772075_301_E10","X1772075",12873,4133,"1","1","mGaba","E15.5"
"X1772066_084_E08","X1772066",16324,4862,"4","4","mGaba","E15.5"
"X1772072_248_C11","X1772072",10757,3882,"1","1","mGaba","E18.5"
"X1772066_084_F03","X1772066",14615,4225,"1","1","mGaba","E15.5"
"X1772072_246_E01","X1772072",8970,3311,"1","1","mGaba","E18.5"
"X1772072_246_D02","X1772072",9275,3350,"1","1","mGaba","E18.5"
"X1772072_246_C07","X1772072",13052,4522,"4","4","mGaba","E18.5"
"X1772066_084_E07","X1772066",11552,3653,"10","10","mGaba","E15.5"
"X1772075_301_H10","X1772075",12502,4175,"1","1","mGaba","E15.5"
"X1772072_246_B01","X1772072",10246,3645,"1","1","mGaba","E18.5"
"X1772066_085_B02","X1772066",15639,3934,"10","10","mGaba","E15.5"
"X1772066_084_C07","X1772066",24898,5145,"15","15","mGaba","E15.5"
"X1772075_300_A06","X1772075",11324,3644,"1","1","mGaba","E15.5"
"X1772066_084_G07","X1772066",20513,4933,"10","10","mGaba","E15.5"
"X1772075_301_F01","X1772075",14184,4217,"1","1","mGaba","E15.5"
"X1772071_046_D12","X1772071",18788,4571,"15","15","mGaba","E15.5"
"X1772071_046_G06","X1772071",15077,3898,"10","10","mGaba","E15.5"
"X1772075_301_D05","X1772075",18081,4926,"1","1","mGaba","E15.5"
"X1772096_112_B02","X1772096",18592,4448,"10","10","mGaba","E13.5"
"X1772072_246_D01","X1772072",20269,5003,"1","1","mGaba","E18.5"
"X1772072_246_G05","X1772072",18398,4670,"1","1","mGaba","E18.5"
"X1772066_084_B09","X1772066",17233,4789,"4","4","mGaba","E15.5"
"X1772071_065_A06","X1772071",16156,3372,"2","2","mGaba","E13.5"
"X1772071_046_D10","X1772071",14055,4111,"10","10","mGaba","E15.5"
"X1772075_300_E01","X1772075",20545,4627,"15","15","mGaba","E15.5"
"X1772075_301_E09","X1772075",13097,4228,"1","1","mGaba","E15.5"
"X1772075_301_G04","X1772075",9961,3373,"15","15","mGaba","E15.5"
"X1772071_046_H12","X1772071",12856,4011,"15","15","mGaba","E15.5"
"X1772075_301_B10","X1772075",16005,4560,"15","15","mGaba","E15.5"
"X1772075_301_H03","X1772075",8954,3425,"1","1","mGaba","E15.5"
"X1772075_301_A08","X1772075",16339,4838,"1","1","mGaba","E15.5"
"X1772066_093_A10","X1772066",13318,4199,"15","15","mGaba","E14.5"
"X1772071_046_E06","X1772071",12586,3888,"15","15","mGaba","E15.5"
"X1772075_301_G10","X1772075",13994,4165,"1","1","mGaba","E15.5"
"X1772094_172_C02","X1772094",14761,4116,"15","15","mGaba","E14.5"
"X1772094_173_C11","X1772094",19623,5028,"1","1","mGaba","E14.5"
"X1772075_300_A09","X1772075",14535,3970,"1","1","mGaba","E15.5"
"X1772075_301_D08","X1772075",16133,4531,"7","7","mGaba","E15.5"
"X1772075_301_A07","X1772075",16876,4488,"15","15","mGaba","E15.5"
"X1772071_046_G05","X1772071",13072,3993,"3","3","mGaba","E15.5"
"X1772075_301_F05","X1772075",15025,4371,"1","1","mGaba","E15.5"
"X1772075_301_D11","X1772075",12092,3768,"1","1","mGaba","E15.5"
"X1772066_093_H12","X1772066",11337,3759,"1","1","mGaba","E14.5"
"X1772075_301_H11","X1772075",12917,3984,"15","15","mGaba","E15.5"
"X1772071_046_E04","X1772071",13941,4289,"15","15","mGaba","E15.5"
"X1772075_301_C09","X1772075",12029,4097,"1","1","mGaba","E15.5"
"X1772075_301_E05","X1772075",15164,4578,"1","1","mGaba","E15.5"
"X1772075_301_E04","X1772075",13589,4299,"1","1","mGaba","E15.5"
"X1772071_048_D11","X1772071",21087,4906,"15","15","mGaba","E15.5"
"X1772075_301_D04","X1772075",13287,3962,"1","1","mGaba","E15.5"
"X1772075_300_H07","X1772075",11388,3942,"1","1","mGaba","E15.5"
"X1772071_048_A08","X1772071",12631,3825,"10","10","mGaba","E15.5"
"X1772075_301_F09","X1772075",11793,4017,"1","1","mGaba","E15.5"
"X1772071_046_G01","X1772071",22863,5662,"1","1","mGaba","E15.5"
"X1772072_249_A08","X1772072",13127,4450,"1","1","mGaba","E18.5"
"X1772066_093_F07","X1772066",16240,4164,"1","1","mGaba","E14.5"
"X1772071_050_G09","X1772071",24952,6063,"1","1","mGaba","E12.5"
"X1772072_246_A03","X1772072",20502,5568,"1","1","mGaba","E18.5"
"X1772071_046_H07","X1772071",22831,5702,"1","1","mGaba","E15.5"
"X1772066_093_E09","X1772066",14058,4320,"1","1","mGaba","E14.5"
"X1772071_048_C02","X1772071",19489,5100,"1","1","mGaba","E15.5"
"X1772066_087_C04","X1772066",20995,5515,"1","1","mGaba","E14.5"
"X1772075_301_C04","X1772075",18374,5067,"1","1","mGaba","E15.5"
"X1772071_048_D06","X1772071",22477,5506,"1","1","mGaba","E15.5"
"X1772071_046_A11","X1772071",19201,5625,"1","1","mGaba","E15.5"
"X1772072_246_E10","X1772072",16700,4737,"1","1","mGaba","E18.5"
"X1772071_046_B06","X1772071",20253,5390,"1","1","mGaba","E15.5"
"X1772072_246_C01","X1772072",18623,5290,"1","1","mGaba","E18.5"
"X1772071_046_A09","X1772071",11951,4358,"1","1","mGaba","E15.5"
"X1772075_300_F06","X1772075",15335,4299,"1","1","mGaba","E15.5"
"X1772066_085_C07","X1772066",23894,4844,"1","1","mGaba","E15.5"
"X1772075_301_E11","X1772075",23864,5707,"1","1","mGaba","E15.5"
"X1772075_301_F02","X1772075",22751,5626,"1","1","mGaba","E15.5"
"X1772075_301_A06","X1772075",22336,5459,"1","1","mGaba","E15.5"
"X1772075_301_A05","X1772075",18920,5071,"1","1","mGaba","E15.5"
"X1772075_301_B01","X1772075",18658,5146,"1","1","mGaba","E15.5"
"X1772075_301_G02","X1772075",19397,5394,"1","1","mGaba","E15.5"
"X1772075_301_F07","X1772075",20454,5371,"1","1","mGaba","E15.5"
"X1772075_301_G09","X1772075",18845,5024,"1","1","mGaba","E15.5"
"X1772075_301_G11","X1772075",18103,4874,"1","1","mGaba","E15.5"
"X1772075_300_D07","X1772075",19645,4633,"1","1","mGaba","E15.5"
"X1772075_301_B04","X1772075",14563,4665,"4","4","mGaba","E15.5"
"X1772066_093_D11","X1772066",18620,4871,"1","1","mGaba","E14.5"
"X1772066_093_G06","X1772066",7859,2552,"1","1","mGaba","E14.5"
"X1772071_046_H02","X1772071",13993,4515,"1","1","mGaba","E15.5"
"X1772071_046_F02","X1772071",14563,4456,"1","1","mGaba","E15.5"
"X1772066_093_A06","X1772066",11569,3939,"1","1","mGaba","E14.5"
"X1772071_046_A02","X1772071",12246,4162,"1","1","mGaba","E15.5"
"X1772071_046_A06","X1772071",10759,4106,"1","1","mGaba","E15.5"
"X1772066_087_D02","X1772066",17078,4439,"15","15","mGaba","E14.5"
"X1772066_093_H11","X1772066",13406,4267,"1","1","mGaba","E14.5"
"X1772066_093_C11","X1772066",12642,4200,"1","1","mGaba","E14.5"
"X1772066_093_F02","X1772066",19320,5054,"1","1","mGaba","E14.5"
"X1772075_301_D12","X1772075",16957,4835,"1","1","mGaba","E15.5"
"X1772066_093_H07","X1772066",14335,4089,"1","1","mGaba","E14.5"
"X1772066_093_H02","X1772066",12341,3672,"1","1","mGaba","E14.5"
"X1772071_046_E11","X1772071",20145,5735,"1","1","mGaba","E15.5"
"X1772072_249_D10","X1772072",10418,3892,"1","1","mGaba","E18.5"
"X1772071_046_F04","X1772071",13549,4614,"1","1","mGaba","E15.5"
"X1772066_093_E02","X1772066",11012,3538,"1","1","mGaba","E14.5"
"X1772071_065_B07","X1772071",16207,3310,"2","2","mGaba","E13.5"
"X1772071_048_G11","X1772071",9384,3566,"1","1","mGaba","E15.5"
"X1772071_048_C04","X1772071",11467,3551,"15","15","mGaba","E15.5"
